iso_year,iso_week,week_start,district,cases
2025,1,2024-12-30,Colombo,231
2025,1,2024-12-30,Gampaha,131
2025,1,2024-12-30,Kalutara,34
2025,1,2024-12-30,Kandy,76
2025,1,2024-12-30,Matale,34
2025,1,2024-12-30,Nuwara Eliya,10
2025,1,2024-12-30,Galle,25
2025,1,2024-12-30,Matara,26
2025,1,2024-12-30,Hambantota,21
2025,1,2024-12-30,Jaffna,76
2025,1,2024-12-30,Kilinochchi,5
2025,1,2024-12-30,Mannar,12
2025,1,2024-12-30,Vavuniya,2
2025,1,2024-12-30,Mullaitivu,4
2025,1,2024-12-30,Batticaloa,47
2025,1,2024-12-30,Ampara,15
2025,1,2024-12-30,Trincomalee,30
2025,1,2024-12-30,Kurunegala,26
2025,1,2024-12-30,Puttalam,23
2025,1,2024-12-30,Anuradhapura,12
2025,1,2024-12-30,Polonnaruwa,6
2025,1,2024-12-30,Badulla,19
2025,1,2024-12-30,Monaragala,13
2025,1,2024-12-30,Ratnapura,47
2025,1,2024-12-30,Kegalle,44
2025,2,2025-01-06,Colombo,200
2025,2,2025-01-06,Gampaha,186
2025,2,2025-01-06,Kalutara,65
2025,2,2025-01-06,Kandy,66
2025,2,2025-01-06,Matale,52
2025,2,2025-01-06,Nuwara Eliya,5
2025,2,2025-01-06,Galle,30
2025,2,2025-01-06,Matara,28
2025,2,2025-01-06,Hambantota,36
2025,2,2025-01-06,Jaffna,58
2025,2,2025-01-06,Kilinochchi,5
2025,2,2025-01-06,Mannar,11
2025,2,2025-01-06,Vavuniya,4
2025,2,2025-01-06,Mullaitivu,3
2025,2,2025-01-06,Batticaloa,62
2025,2,2025-01-06,Ampara,58
2025,2,2025-01-06,Trincomalee,28
2025,2,2025-01-06,Kurunegala,26
2025,2,2025-01-06,Puttalam,30
2025,2,2025-01-06,Anuradhapura,27
2025,2,2025-01-06,Polonnaruwa,14
2025,2,2025-01-06,Badulla,5
2025,2,2025-01-06,Monaragala,25
2025,2,2025-01-06,Ratnapura,30
2025,2,2025-01-06,Kegalle,64
2025,3,2025-01-13,Colombo,245
2025,3,2025-01-13,Gampaha,191
2025,3,2025-01-13,Kalutara,24
2025,3,2025-01-13,Kandy,65
2025,3,2025-01-13,Matale,39
2025,3,2025-01-13,Nuwara Eliya,8
2025,3,2025-01-13,Galle,82
2025,3,2025-01-13,Matara,23
2025,3,2025-01-13,Hambantota,35
2025,3,2025-01-13,Jaffna,52
2025,3,2025-01-13,Kilinochchi,8
2025,3,2025-01-13,Mannar,15
2025,3,2025-01-13,Vavuniya,2
2025,3,2025-01-13,Mullaitivu,1
2025,3,2025-01-13,Batticaloa,55
2025,3,2025-01-13,Ampara,20
2025,3,2025-01-13,Trincomalee,34
2025,3,2025-01-13,Kurunegala,39
2025,3,2025-01-13,Puttalam,45
2025,3,2025-01-13,Anuradhapura,20
2025,3,2025-01-13,Polonnaruwa,6
2025,3,2025-01-13,Badulla,17
2025,3,2025-01-13,Monaragala,26
2025,3,2025-01-13,Ratnapura,56
2025,3,2025-01-13,Kegalle,40
2025,4,2025-01-20,Colombo,247
2025,4,2025-01-20,Gampaha,157
2025,4,2025-01-20,Kalutara,51
2025,4,2025-01-20,Kandy,77
2025,4,2025-01-20,Matale,44
2025,4,2025-01-20,Nuwara Eliya,1
2025,4,2025-01-20,Galle,51
2025,4,2025-01-20,Matara,45
2025,4,2025-01-20,Hambantota,32
2025,4,2025-01-20,Jaffna,37
2025,4,2025-01-20,Kilinochchi,3
2025,4,2025-01-20,Mannar,12
2025,4,2025-01-20,Vavuniya,2
2025,4,2025-01-20,Mullaitivu,1
2025,4,2025-01-20,Batticaloa,65
2025,4,2025-01-20,Ampara,27
2025,4,2025-01-20,Trincomalee,34
2025,4,2025-01-20,Kurunegala,30
2025,4,2025-01-20,Puttalam,17
2025,4,2025-01-20,Anuradhapura,29
2025,4,2025-01-20,Polonnaruwa,7
2025,4,2025-01-20,Badulla,28
2025,4,2025-01-20,Monaragala,23
2025,4,2025-01-20,Ratnapura,46
2025,4,2025-01-20,Kegalle,34
2025,5,2025-01-27,Colombo,284
2025,5,2025-01-27,Gampaha,184
2025,5,2025-01-27,Kalutara,38
2025,5,2025-01-27,Kandy,62
2025,5,2025-01-27,Matale,39
2025,5,2025-01-27,Nuwara Eliya,10
2025,5,2025-01-27,Galle,48
2025,5,2025-01-27,Matara,32
2025,5,2025-01-27,Hambantota,24
2025,5,2025-01-27,Jaffna,57
2025,5,2025-01-27,Kilinochchi,6
2025,5,2025-01-27,Mannar,7
2025,5,2025-01-27,Vavuniya,2
2025,5,2025-01-27,Mullaitivu,4
2025,5,2025-01-27,Batticaloa,64
2025,5,2025-01-27,Ampara,16
2025,5,2025-01-27,Trincomalee,23
2025,5,2025-01-27,Kurunegala,34
2025,5,2025-01-27,Puttalam,16
2025,5,2025-01-27,Anuradhapura,16
2025,5,2025-01-27,Polonnaruwa,3
2025,5,2025-01-27,Badulla,27
2025,5,2025-01-27,Monaragala,24
2025,5,2025-01-27,Ratnapura,70
2025,5,2025-01-27,Kegalle,26
2025,6,2025-02-03,Colombo,225
2025,6,2025-02-03,Gampaha,162
2025,6,2025-02-03,Kalutara,29
2025,6,2025-02-03,Kandy,80
2025,6,2025-02-03,Matale,45
2025,6,2025-02-03,Nuwara Eliya,6
2025,6,2025-02-03,Galle,53
2025,6,2025-02-03,Matara,59
2025,6,2025-02-03,Hambantota,22
2025,6,2025-02-03,Jaffna,39
2025,6,2025-02-03,Kilinochchi,3
2025,6,2025-02-03,Mannar,12
2025,6,2025-02-03,Vavuniya,3
2025,6,2025-02-03,Mullaitivu,1
2025,6,2025-02-03,Batticaloa,53
2025,6,2025-02-03,Ampara,13
2025,6,2025-02-03,Trincomalee,22
2025,6,2025-02-03,Kurunegala,18
2025,6,2025-02-03,Puttalam,22
2025,6,2025-02-03,Anuradhapura,18
2025,6,2025-02-03,Polonnaruwa,8
2025,6,2025-02-03,Badulla,26
2025,6,2025-02-03,Monaragala,20
2025,6,2025-02-03,Ratnapura,58
2025,6,2025-02-03,Kegalle,24
2025,7,2025-02-10,Colombo,252
2025,7,2025-02-10,Gampaha,131
2025,7,2025-02-10,Kalutara,29
2025,7,2025-02-10,Kandy,50
2025,7,2025-02-10,Matale,38
2025,7,2025-02-10,Nuwara Eliya,4
2025,7,2025-02-10,Galle,44
2025,7,2025-02-10,Matara,34
2025,7,2025-02-10,Hambantota,15
2025,7,2025-02-10,Jaffna,35
2025,7,2025-02-10,Kilinochchi,2
2025,7,2025-02-10,Mannar,3
2025,7,2025-02-10,Vavuniya,2
2025,7,2025-02-10,Mullaitivu,2
2025,7,2025-02-10,Batticaloa,60
2025,7,2025-02-10,Ampara,17
2025,7,2025-02-10,Trincomalee,28
2025,7,2025-02-10,Kurunegala,27
2025,7,2025-02-10,Puttalam,16
2025,7,2025-02-10,Anuradhapura,39
2025,7,2025-02-10,Polonnaruwa,10
2025,7,2025-02-10,Badulla,17
2025,7,2025-02-10,Monaragala,6
2025,7,2025-02-10,Ratnapura,47
2025,7,2025-02-10,Kegalle,29
2025,8,2025-02-17,Colombo,252
2025,8,2025-02-17,Gampaha,131
2025,8,2025-02-17,Kalutara,29
2025,8,2025-02-17,Kandy,50
2025,8,2025-02-17,Matale,38
2025,8,2025-02-17,Nuwara Eliya,4
2025,8,2025-02-17,Galle,44
2025,8,2025-02-17,Matara,34
2025,8,2025-02-17,Hambantota,15
2025,8,2025-02-17,Jaffna,35
2025,8,2025-02-17,Kilinochchi,2
2025,8,2025-02-17,Mannar,3
2025,8,2025-02-17,Vavuniya,2
2025,8,2025-02-17,Mullaitivu,2
2025,8,2025-02-17,Batticaloa,60
2025,8,2025-02-17,Ampara,17
2025,8,2025-02-17,Trincomalee,28
2025,8,2025-02-17,Kurunegala,27
2025,8,2025-02-17,Puttalam,16
2025,8,2025-02-17,Anuradhapura,39
2025,8,2025-02-17,Polonnaruwa,10
2025,8,2025-02-17,Badulla,17
2025,8,2025-02-17,Monaragala,6
2025,8,2025-02-17,Ratnapura,47
2025,8,2025-02-17,Kegalle,29
2025,9,2025-02-24,Colombo,217
2025,9,2025-02-24,Gampaha,132
2025,9,2025-02-24,Kalutara,44
2025,9,2025-02-24,Kandy,63
2025,9,2025-02-24,Matale,40
2025,9,2025-02-24,Nuwara Eliya,8
2025,9,2025-02-24,Galle,43
2025,9,2025-02-24,Matara,35
2025,9,2025-02-24,Hambantota,10
2025,9,2025-02-24,Jaffna,30
2025,9,2025-02-24,Kilinochchi,2
2025,9,2025-02-24,Mannar,4
2025,9,2025-02-24,Vavuniya,0
2025,9,2025-02-24,Mullaitivu,0
2025,9,2025-02-24,Batticaloa,81
2025,9,2025-02-24,Ampara,15
2025,9,2025-02-24,Trincomalee,29
2025,9,2025-02-24,Kurunegala,20
2025,9,2025-02-24,Puttalam,24
2025,9,2025-02-24,Anuradhapura,24
2025,9,2025-02-24,Polonnaruwa,9
2025,9,2025-02-24,Badulla,8
2025,9,2025-02-24,Monaragala,15
2025,9,2025-02-24,Ratnapura,50
2025,9,2025-02-24,Kegalle,35
2025,10,2025-03-03,Colombo,219
2025,10,2025-03-03,Gampaha,119
2025,10,2025-03-03,Kalutara,31
2025,10,2025-03-03,Kandy,58
2025,10,2025-03-03,Matale,28
2025,10,2025-03-03,Nuwara Eliya,2
2025,10,2025-03-03,Galle,21
2025,10,2025-03-03,Matara,24
2025,10,2025-03-03,Hambantota,12
2025,10,2025-03-03,Jaffna,28
2025,10,2025-03-03,Kilinochchi,1
2025,10,2025-03-03,Mannar,3
2025,10,2025-03-03,Vavuniya,5
2025,10,2025-03-03,Mullaitivu,1
2025,10,2025-03-03,Batticaloa,59
2025,10,2025-03-03,Ampara,11
2025,10,2025-03-03,Trincomalee,25
2025,10,2025-03-03,Kurunegala,25
2025,10,2025-03-03,Puttalam,23
2025,10,2025-03-03,Anuradhapura,18
2025,10,2025-03-03,Polonnaruwa,6
2025,10,2025-03-03,Badulla,11
2025,10,2025-03-03,Monaragala,10
2025,10,2025-03-03,Ratnapura,47
2025,10,2025-03-03,Kegalle,22
2025,11,2025-03-10,Colombo,262
2025,11,2025-03-10,Gampaha,142
2025,11,2025-03-10,Kalutara,43
2025,11,2025-03-10,Kandy,49
2025,11,2025-03-10,Matale,39
2025,11,2025-03-10,Nuwara Eliya,2
2025,11,2025-03-10,Galle,40
2025,11,2025-03-10,Matara,50
2025,11,2025-03-10,Hambantota,17
2025,11,2025-03-10,Jaffna,15
2025,11,2025-03-10,Kilinochchi,3
2025,11,2025-03-10,Mannar,0
2025,11,2025-03-10,Vavuniya,0
2025,11,2025-03-10,Mullaitivu,1
2025,11,2025-03-10,Batticaloa,56
2025,11,2025-03-10,Ampara,16
2025,11,2025-03-10,Trincomalee,17
2025,11,2025-03-10,Kurunegala,17
2025,11,2025-03-10,Puttalam,24
2025,11,2025-03-10,Anuradhapura,25
2025,11,2025-03-10,Polonnaruwa,18
2025,11,2025-03-10,Badulla,3
2025,11,2025-03-10,Monaragala,17
2025,11,2025-03-10,Ratnapura,13
2025,11,2025-03-10,Kegalle,43
2025,12,2025-03-17,Colombo,214
2025,12,2025-03-17,Gampaha,132
2025,12,2025-03-17,Kalutara,37
2025,12,2025-03-17,Kandy,59
2025,12,2025-03-17,Matale,22
2025,12,2025-03-17,Nuwara Eliya,1
2025,12,2025-03-17,Galle,24
2025,12,2025-03-17,Matara,32
2025,12,2025-03-17,Hambantota,14
2025,12,2025-03-17,Jaffna,23
2025,12,2025-03-17,Kilinochchi,6
2025,12,2025-03-17,Mannar,2
2025,12,2025-03-17,Vavuniya,1
2025,12,2025-03-17,Mullaitivu,3
2025,12,2025-03-17,Batticaloa,31
2025,12,2025-03-17,Ampara,11
2025,12,2025-03-17,Trincomalee,25
2025,12,2025-03-17,Kurunegala,23
2025,12,2025-03-17,Puttalam,15
2025,12,2025-03-17,Anuradhapura,12
2025,12,2025-03-17,Polonnaruwa,3
2025,12,2025-03-17,Badulla,17
2025,12,2025-03-17,Monaragala,23
2025,12,2025-03-17,Ratnapura,46
2025,12,2025-03-17,Kegalle,20
2025,13,2025-03-24,Colombo,242
2025,13,2025-03-24,Gampaha,125
2025,13,2025-03-24,Kalutara,35
2025,13,2025-03-24,Kandy,59
2025,13,2025-03-24,Matale,20
2025,13,2025-03-24,Nuwara Eliya,6
2025,13,2025-03-24,Galle,35
2025,13,2025-03-24,Matara,30
2025,13,2025-03-24,Hambantota,18
2025,13,2025-03-24,Jaffna,25
2025,13,2025-03-24,Kilinochchi,0
2025,13,2025-03-24,Mannar,2
2025,13,2025-03-24,Vavuniya,1
2025,13,2025-03-24,Mullaitivu,0
2025,13,2025-03-24,Batticaloa,28
2025,13,2025-03-24,Ampara,9
2025,13,2025-03-24,Trincomalee,23
2025,13,2025-03-24,Kurunegala,21
2025,13,2025-03-24,Puttalam,10
2025,13,2025-03-24,Anuradhapura,8
2025,13,2025-03-24,Polonnaruwa,6
2025,13,2025-03-24,Badulla,6
2025,13,2025-03-24,Monaragala,24
2025,13,2025-03-24,Ratnapura,56
2025,13,2025-03-24,Kegalle,32
2025,14,2025-03-31,Colombo,239
2025,14,2025-03-31,Gampaha,135
2025,14,2025-03-31,Kalutara,30
2025,14,2025-03-31,Kandy,56
2025,14,2025-03-31,Matale,32
2025,14,2025-03-31,Nuwara Eliya,4
2025,14,2025-03-31,Galle,31
2025,14,2025-03-31,Matara,44
2025,14,2025-03-31,Hambantota,12
2025,14,2025-03-31,Jaffna,24
2025,14,2025-03-31,Kilinochchi,2
2025,14,2025-03-31,Mannar,4
2025,14,2025-03-31,Vavuniya,1
2025,14,2025-03-31,Mullaitivu,0
2025,14,2025-03-31,Batticaloa,28
2025,14,2025-03-31,Ampara,12
2025,14,2025-03-31,Trincomalee,28
2025,14,2025-03-31,Kurunegala,19
2025,14,2025-03-31,Puttalam,14
2025,14,2025-03-31,Anuradhapura,9
2025,14,2025-03-31,Polonnaruwa,4
2025,14,2025-03-31,Badulla,12
2025,14,2025-03-31,Monaragala,21
2025,14,2025-03-31,Ratnapura,45
2025,14,2025-03-31,Kegalle,24
2025,15,2025-04-07,Colombo,204
2025,15,2025-04-07,Gampaha,135
2025,15,2025-04-07,Kalutara,39
2025,15,2025-04-07,Kandy,65
2025,15,2025-04-07,Matale,21
2025,15,2025-04-07,Nuwara Eliya,3
2025,15,2025-04-07,Galle,34
2025,15,2025-04-07,Matara,38
2025,15,2025-04-07,Hambantota,13
2025,15,2025-04-07,Jaffna,15
2025,15,2025-04-07,Kilinochchi,0
2025,15,2025-04-07,Mannar,2
2025,15,2025-04-07,Vavuniya,3
2025,15,2025-04-07,Mullaitivu,2
2025,15,2025-04-07,Batticaloa,46
2025,15,2025-04-07,Ampara,15
2025,15,2025-04-07,Trincomalee,36
2025,15,2025-04-07,Kurunegala,19
2025,15,2025-04-07,Puttalam,11
2025,15,2025-04-07,Anuradhapura,6
2025,15,2025-04-07,Polonnaruwa,5
2025,15,2025-04-07,Badulla,9
2025,15,2025-04-07,Monaragala,15
2025,15,2025-04-07,Ratnapura,54
2025,15,2025-04-07,Kegalle,20
2025,16,2025-04-14,Colombo,277
2025,16,2025-04-14,Gampaha,137
2025,16,2025-04-14,Kalutara,36
2025,16,2025-04-14,Kandy,50
2025,16,2025-04-14,Matale,30
2025,16,2025-04-14,Nuwara Eliya,1
2025,16,2025-04-14,Galle,29
2025,16,2025-04-14,Matara,32
2025,16,2025-04-14,Hambantota,10
2025,16,2025-04-14,Jaffna,11
2025,16,2025-04-14,Kilinochchi,1
2025,16,2025-04-14,Mannar,1
2025,16,2025-04-14,Vavuniya,0
2025,16,2025-04-14,Mullaitivu,2
2025,16,2025-04-14,Batticaloa,70
2025,16,2025-04-14,Ampara,22
2025,16,2025-04-14,Trincomalee,33
2025,16,2025-04-14,Kurunegala,17
2025,16,2025-04-14,Puttalam,8
2025,16,2025-04-14,Anuradhapura,3
2025,16,2025-04-14,Polonnaruwa,6
2025,16,2025-04-14,Badulla,18
2025,16,2025-04-14,Monaragala,29
2025,16,2025-04-14,Ratnapura,146
2025,16,2025-04-14,Kegalle,29
2025,17,2025-04-21,Colombo,230
2025,17,2025-04-21,Gampaha,171
2025,17,2025-04-21,Kalutara,42
2025,17,2025-04-21,Kandy,53
2025,17,2025-04-21,Matale,28
2025,17,2025-04-21,Nuwara Eliya,3
2025,17,2025-04-21,Galle,23
2025,17,2025-04-21,Matara,35
2025,17,2025-04-21,Hambantota,12
2025,17,2025-04-21,Jaffna,18
2025,17,2025-04-21,Kilinochchi,1
2025,17,2025-04-21,Mannar,2
2025,17,2025-04-21,Vavuniya,5
2025,17,2025-04-21,Mullaitivu,1
2025,17,2025-04-21,Batticaloa,62
2025,17,2025-04-21,Ampara,13
2025,17,2025-04-21,Trincomalee,44
2025,17,2025-04-21,Kurunegala,13
2025,17,2025-04-21,Puttalam,7
2025,17,2025-04-21,Anuradhapura,4
2025,17,2025-04-21,Polonnaruwa,5
2025,17,2025-04-21,Badulla,11
2025,17,2025-04-21,Monaragala,27
2025,17,2025-04-21,Ratnapura,146
2025,17,2025-04-21,Kegalle,13
2025,18,2025-04-28,Colombo,306
2025,18,2025-04-28,Gampaha,166
2025,18,2025-04-28,Kalutara,64
2025,18,2025-04-28,Kandy,73
2025,18,2025-04-28,Matale,42
2025,18,2025-04-28,Nuwara Eliya,6
2025,18,2025-04-28,Galle,55
2025,18,2025-04-28,Matara,38
2025,18,2025-04-28,Hambantota,23
2025,18,2025-04-28,Jaffna,44
2025,18,2025-04-28,Kilinochchi,7
2025,18,2025-04-28,Mannar,1
2025,18,2025-04-28,Vavuniya,1
2025,18,2025-04-28,Mullaitivu,0
2025,18,2025-04-28,Batticaloa,94
2025,18,2025-04-28,Ampara,15
2025,18,2025-04-28,Trincomalee,46
2025,18,2025-04-28,Kurunegala,53
2025,18,2025-04-28,Puttalam,10
2025,18,2025-04-28,Anuradhapura,8
2025,18,2025-04-28,Polonnaruwa,8
2025,18,2025-04-28,Badulla,19
2025,18,2025-04-28,Monaragala,12
2025,18,2025-04-28,Ratnapura,319
2025,18,2025-04-28,Kegalle,35
2025,19,2025-05-05,Colombo,276
2025,19,2025-05-05,Gampaha,158
2025,19,2025-05-05,Kalutara,59
2025,19,2025-05-05,Kandy,60
2025,19,2025-05-05,Matale,28
2025,19,2025-05-05,Nuwara Eliya,6
2025,19,2025-05-05,Galle,29
2025,19,2025-05-05,Matara,38
2025,19,2025-05-05,Hambantota,24
2025,19,2025-05-05,Jaffna,20
2025,19,2025-05-05,Kilinochchi,1
2025,19,2025-05-05,Mannar,6
2025,19,2025-05-05,Vavuniya,3
2025,19,2025-05-05,Mullaitivu,2
2025,19,2025-05-05,Batticaloa,84
2025,19,2025-05-05,Ampara,24
2025,19,2025-05-05,Trincomalee,64
2025,19,2025-05-05,Kurunegala,34
2025,19,2025-05-05,Puttalam,9
2025,19,2025-05-05,Anuradhapura,10
2025,19,2025-05-05,Polonnaruwa,10
2025,19,2025-05-05,Badulla,12
2025,19,2025-05-05,Monaragala,22
2025,19,2025-05-05,Ratnapura,273
2025,19,2025-05-05,Kegalle,38
2025,20,2025-05-12,Colombo,310
2025,20,2025-05-12,Gampaha,194
2025,20,2025-05-12,Kalutara,63
2025,20,2025-05-12,Kandy,77
2025,20,2025-05-12,Matale,23
2025,20,2025-05-12,Nuwara Eliya,7
2025,20,2025-05-12,Galle,32
2025,20,2025-05-12,Matara,17
2025,20,2025-05-12,Hambantota,16
2025,20,2025-05-12,Jaffna,18
2025,20,2025-05-12,Kilinochchi,1
2025,20,2025-05-12,Mannar,1
2025,20,2025-05-12,Vavuniya,0
2025,20,2025-05-12,Mullaitivu,1
2025,20,2025-05-12,Batticaloa,59
2025,20,2025-05-12,Ampara,17
2025,20,2025-05-12,Trincomalee,55
2025,20,2025-05-12,Kurunegala,30
2025,20,2025-05-12,Puttalam,12
2025,20,2025-05-12,Anuradhapura,11
2025,20,2025-05-12,Polonnaruwa,10
2025,20,2025-05-12,Badulla,7
2025,20,2025-05-12,Monaragala,10
2025,20,2025-05-12,Ratnapura,242
2025,20,2025-05-12,Kegalle,43
2025,21,2025-05-19,Colombo,359
2025,21,2025-05-19,Gampaha,224
2025,21,2025-05-19,Kalutara,35
2025,21,2025-05-19,Kandy,98
2025,21,2025-05-19,Matale,16
2025,21,2025-05-19,Nuwara Eliya,9
2025,21,2025-05-19,Galle,44
2025,21,2025-05-19,Matara,27
2025,21,2025-05-19,Hambantota,20
2025,21,2025-05-19,Jaffna,27
2025,21,2025-05-19,Kilinochchi,4
2025,21,2025-05-19,Mannar,3
2025,21,2025-05-19,Vavuniya,2
2025,21,2025-05-19,Mullaitivu,2
2025,21,2025-05-19,Batticaloa,58
2025,21,2025-05-19,Ampara,16
2025,21,2025-05-19,Trincomalee,45
2025,21,2025-05-19,Kurunegala,44
2025,21,2025-05-19,Puttalam,8
2025,21,2025-05-19,Anuradhapura,11
2025,21,2025-05-19,Polonnaruwa,7
2025,21,2025-05-19,Badulla,7
2025,21,2025-05-19,Monaragala,17
2025,21,2025-05-19,Ratnapura,251
2025,21,2025-05-19,Kegalle,45
2025,22,2025-05-26,Colombo,336
2025,22,2025-05-26,Gampaha,208
2025,22,2025-05-26,Kalutara,92
2025,22,2025-05-26,Kandy,126
2025,22,2025-05-26,Matale,20
2025,22,2025-05-26,Nuwara Eliya,4
2025,22,2025-05-26,Galle,56
2025,22,2025-05-26,Matara,21
2025,22,2025-05-26,Hambantota,20
2025,22,2025-05-26,Jaffna,35
2025,22,2025-05-26,Kilinochchi,2
2025,22,2025-05-26,Mannar,4
2025,22,2025-05-26,Vavuniya,2
2025,22,2025-05-26,Mullaitivu,1
2025,22,2025-05-26,Batticaloa,53
2025,22,2025-05-26,Ampara,14
2025,22,2025-05-26,Trincomalee,43
2025,22,2025-05-26,Kurunegala,47
2025,22,2025-05-26,Puttalam,13
2025,22,2025-05-26,Anuradhapura,13
2025,22,2025-05-26,Polonnaruwa,6
2025,22,2025-05-26,Badulla,25
2025,22,2025-05-26,Monaragala,15
2025,22,2025-05-26,Ratnapura,203
2025,22,2025-05-26,Kegalle,43
2025,23,2025-06-02,Colombo,302
2025,23,2025-06-02,Gampaha,197
2025,23,2025-06-02,Kalutara,71
2025,23,2025-06-02,Kandy,105
2025,23,2025-06-02,Matale,20
2025,23,2025-06-02,Nuwara Eliya,7
2025,23,2025-06-02,Galle,44
2025,23,2025-06-02,Matara,26
2025,23,2025-06-02,Hambantota,8
2025,23,2025-06-02,Jaffna,20
2025,23,2025-06-02,Kilinochchi,2
2025,23,2025-06-02,Mannar,2
2025,23,2025-06-02,Vavuniya,1
2025,23,2025-06-02,Mullaitivu,1
2025,23,2025-06-02,Batticaloa,52
2025,23,2025-06-02,Ampara,14
2025,23,2025-06-02,Trincomalee,39
2025,23,2025-06-02,Kurunegala,60
2025,23,2025-06-02,Puttalam,11
2025,23,2025-06-02,Anuradhapura,11
2025,23,2025-06-02,Polonnaruwa,12
2025,23,2025-06-02,Badulla,26
2025,23,2025-06-02,Monaragala,26
2025,23,2025-06-02,Ratnapura,197
2025,23,2025-06-02,Kegalle,61
2025,24,2025-06-09,Colombo,245
2025,24,2025-06-09,Gampaha,228
2025,24,2025-06-09,Kalutara,68
2025,24,2025-06-09,Kandy,126
2025,24,2025-06-09,Matale,24
2025,24,2025-06-09,Nuwara Eliya,9
2025,24,2025-06-09,Galle,49
2025,24,2025-06-09,Matara,34
2025,24,2025-06-09,Hambantota,24
2025,24,2025-06-09,Jaffna,26
2025,24,2025-06-09,Kilinochchi,1
2025,24,2025-06-09,Mannar,3
2025,24,2025-06-09,Vavuniya,5
2025,24,2025-06-09,Mullaitivu,4
2025,24,2025-06-09,Batticaloa,59
2025,24,2025-06-09,Ampara,28
2025,24,2025-06-09,Trincomalee,40
2025,24,2025-06-09,Kurunegala,43
2025,24,2025-06-09,Puttalam,17
2025,24,2025-06-09,Anuradhapura,10
2025,24,2025-06-09,Polonnaruwa,15
2025,24,2025-06-09,Badulla,24
2025,24,2025-06-09,Monaragala,29
2025,24,2025-06-09,Ratnapura,172
2025,24,2025-06-09,Kegalle,54
2025,25,2025-06-16,Colombo,279
2025,25,2025-06-16,Gampaha,207
2025,25,2025-06-16,Kalutara,74
2025,25,2025-06-16,Kandy,118
2025,25,2025-06-16,Matale,17
2025,25,2025-06-16,Nuwara Eliya,17
2025,25,2025-06-16,Galle,44
2025,25,2025-06-16,Matara,70
2025,25,2025-06-16,Hambantota,15
2025,25,2025-06-16,Jaffna,25
2025,25,2025-06-16,Kilinochchi,2
2025,25,2025-06-16,Mannar,2
2025,25,2025-06-16,Vavuniya,2
2025,25,2025-06-16,Mullaitivu,2
2025,25,2025-06-16,Batticaloa,30
2025,25,2025-06-16,Ampara,11
2025,25,2025-06-16,Trincomalee,16
2025,25,2025-06-16,Kurunegala,68
2025,25,2025-06-16,Puttalam,10
2025,25,2025-06-16,Anuradhapura,7
2025,25,2025-06-16,Polonnaruwa,12
2025,25,2025-06-16,Badulla,24
2025,25,2025-06-16,Monaragala,26
2025,25,2025-06-16,Ratnapura,145
2025,25,2025-06-16,Kegalle,45
2025,26,2025-06-23,Colombo,316
2025,26,2025-06-23,Gampaha,217
2025,26,2025-06-23,Kalutara,62
2025,26,2025-06-23,Kandy,192
2025,26,2025-06-23,Matale,24
2025,26,2025-06-23,Nuwara Eliya,20
2025,26,2025-06-23,Galle,73
2025,26,2025-06-23,Matara,39
2025,26,2025-06-23,Hambantota,22
2025,26,2025-06-23,Jaffna,24
2025,26,2025-06-23,Kilinochchi,0
2025,26,2025-06-23,Mannar,4
2025,26,2025-06-23,Vavuniya,4
2025,26,2025-06-23,Mullaitivu,1
2025,26,2025-06-23,Batticaloa,40
2025,26,2025-06-23,Ampara,12
2025,26,2025-06-23,Trincomalee,16
2025,26,2025-06-23,Kurunegala,77
2025,26,2025-06-23,Puttalam,10
2025,26,2025-06-23,Anuradhapura,8
2025,26,2025-06-23,Polonnaruwa,21
2025,26,2025-06-23,Badulla,31
2025,26,2025-06-23,Monaragala,24
2025,26,2025-06-23,Ratnapura,118
2025,26,2025-06-23,Kegalle,48
2025,27,2025-06-30,Colombo,276
2025,27,2025-06-30,Gampaha,167
2025,27,2025-06-30,Kalutara,92
2025,27,2025-06-30,Kandy,161
2025,27,2025-06-30,Matale,23
2025,27,2025-06-30,Nuwara Eliya,6
2025,27,2025-06-30,Galle,79
2025,27,2025-06-30,Matara,58
2025,27,2025-06-30,Hambantota,21
2025,27,2025-06-30,Jaffna,12
2025,27,2025-06-30,Kilinochchi,1
2025,27,2025-06-30,Mannar,0
2025,27,2025-06-30,Vavuniya,3
2025,27,2025-06-30,Mullaitivu,3
2025,27,2025-06-30,Batticaloa,16
2025,27,2025-06-30,Ampara,12
2025,27,2025-06-30,Trincomalee,12
2025,27,2025-06-30,Kurunegala,70
2025,27,2025-06-30,Puttalam,7
2025,27,2025-06-30,Anuradhapura,17
2025,27,2025-06-30,Polonnaruwa,10
2025,27,2025-06-30,Badulla,17
2025,27,2025-06-30,Monaragala,27
2025,27,2025-06-30,Ratnapura,120
2025,27,2025-06-30,Kegalle,35
2025,28,2025-07-07,Colombo,285
2025,28,2025-07-07,Gampaha,181
2025,28,2025-07-07,Kalutara,57
2025,28,2025-07-07,Kandy,174
2025,28,2025-07-07,Matale,14
2025,28,2025-07-07,Nuwara Eliya,8
2025,28,2025-07-07,Galle,47
2025,28,2025-07-07,Matara,39
2025,28,2025-07-07,Hambantota,24
2025,28,2025-07-07,Jaffna,17
2025,28,2025-07-07,Kilinochchi,2
2025,28,2025-07-07,Mannar,2
2025,28,2025-07-07,Vavuniya,3
2025,28,2025-07-07,Mullaitivu,2
2025,28,2025-07-07,Batticaloa,20
2025,28,2025-07-07,Ampara,22
2025,28,2025-07-07,Trincomalee,8
2025,28,2025-07-07,Kurunegala,51
2025,28,2025-07-07,Puttalam,12
2025,28,2025-07-07,Anuradhapura,8
2025,28,2025-07-07,Polonnaruwa,14
2025,28,2025-07-07,Badulla,17
2025,28,2025-07-07,Monaragala,12
2025,28,2025-07-07,Ratnapura,104
2025,28,2025-07-07,Kegalle,39
2025,29,2025-07-14,Colombo,222
2025,29,2025-07-14,Gampaha,154
2025,29,2025-07-14,Kalutara,66
2025,29,2025-07-14,Kandy,141
2025,29,2025-07-14,Matale,12
2025,29,2025-07-14,Nuwara Eliya,10
2025,29,2025-07-14,Galle,56
2025,29,2025-07-14,Matara,28
2025,29,2025-07-14,Hambantota,31
2025,29,2025-07-14,Jaffna,26
2025,29,2025-07-14,Kilinochchi,0
2025,29,2025-07-14,Mannar,1
2025,29,2025-07-14,Vavuniya,2
2025,29,2025-07-14,Mullaitivu,0
2025,29,2025-07-14,Batticaloa,13
2025,29,2025-07-14,Ampara,16
2025,29,2025-07-14,Trincomalee,11
2025,29,2025-07-14,Kurunegala,50
2025,29,2025-07-14,Puttalam,7
2025,29,2025-07-14,Anuradhapura,8
2025,29,2025-07-14,Polonnaruwa,11
2025,29,2025-07-14,Badulla,16
2025,29,2025-07-14,Monaragala,13
2025,29,2025-07-14,Ratnapura,97
2025,29,2025-07-14,Kegalle,30
2025,30,2025-07-21,Colombo,226
2025,30,2025-07-21,Gampaha,193
2025,30,2025-07-21,Kalutara,80
2025,30,2025-07-21,Kandy,184
2025,30,2025-07-21,Matale,19
2025,30,2025-07-21,Nuwara Eliya,24
2025,30,2025-07-21,Galle,43
2025,30,2025-07-21,Matara,41
2025,30,2025-07-21,Hambantota,46
2025,30,2025-07-21,Jaffna,31
2025,30,2025-07-21,Kilinochchi,3
2025,30,2025-07-21,Mannar,2
2025,30,2025-07-21,Vavuniya,3
2025,30,2025-07-21,Mullaitivu,0
2025,30,2025-07-21,Batticaloa,19
2025,30,2025-07-21,Ampara,17
2025,30,2025-07-21,Trincomalee,11
2025,30,2025-07-21,Kurunegala,49
2025,30,2025-07-21,Puttalam,12
2025,30,2025-07-21,Anuradhapura,12
2025,30,2025-07-21,Polonnaruwa,14
2025,30,2025-07-21,Badulla,37
2025,30,2025-07-21,Monaragala,19
2025,30,2025-07-21,Ratnapura,93
2025,30,2025-07-21,Kegalle,41
2025,31,2025-07-28,Colombo,237
2025,31,2025-07-28,Gampaha,175
2025,31,2025-07-28,Kalutara,53
2025,31,2025-07-28,Kandy,168
2025,31,2025-07-28,Matale,27
2025,31,2025-07-28,Nuwara Eliya,18
2025,31,2025-07-28,Galle,66
2025,31,2025-07-28,Matara,42
2025,31,2025-07-28,Hambantota,31
2025,31,2025-07-28,Jaffna,19
2025,31,2025-07-28,Kilinochchi,1
2025,31,2025-07-28,Mannar,4
2025,31,2025-07-28,Vavuniya,0
2025,31,2025-07-28,Mullaitivu,0
2025,31,2025-07-28,Batticaloa,6
2025,31,2025-07-28,Ampara,8
2025,31,2025-07-28,Trincomalee,7
2025,31,2025-07-28,Kurunegala,84
2025,31,2025-07-28,Puttalam,12
2025,31,2025-07-28,Anuradhapura,11
2025,31,2025-07-28,Polonnaruwa,15
2025,31,2025-07-28,Badulla,20
2025,31,2025-07-28,Monaragala,17
2025,31,2025-07-28,Ratnapura,99
2025,31,2025-07-28,Kegalle,33
2025,32,2025-08-04,Colombo,246
2025,32,2025-08-04,Gampaha,148
2025,32,2025-08-04,Kalutara,30
2025,32,2025-08-04,Kandy,107
2025,32,2025-08-04,Matale,19
2025,32,2025-08-04,Nuwara Eliya,9
2025,32,2025-08-04,Galle,44
2025,32,2025-08-04,Matara,30
2025,32,2025-08-04,Hambantota,24
2025,32,2025-08-04,Jaffna,15
2025,32,2025-08-04,Kilinochchi,0
2025,32,2025-08-04,Mannar,2
2025,32,2025-08-04,Vavuniya,1
2025,32,2025-08-04,Mullaitivu,0
2025,32,2025-08-04,Batticaloa,6
2025,32,2025-08-04,Ampara,11
2025,32,2025-08-04,Trincomalee,9
2025,32,2025-08-04,Kurunegala,39
2025,32,2025-08-04,Puttalam,15
2025,32,2025-08-04,Anuradhapura,3
2025,32,2025-08-04,Polonnaruwa,8
2025,32,2025-08-04,Badulla,16
2025,32,2025-08-04,Monaragala,17
2025,32,2025-08-04,Ratnapura,91
2025,32,2025-08-04,Kegalle,29
2025,33,2025-08-11,Colombo,156
2025,33,2025-08-11,Gampaha,96
2025,33,2025-08-11,Kalutara,47
2025,33,2025-08-11,Kandy,145
2025,33,2025-08-11,Matale,17
2025,33,2025-08-11,Nuwara Eliya,10
2025,33,2025-08-11,Galle,37
2025,33,2025-08-11,Matara,20
2025,33,2025-08-11,Hambantota,17
2025,33,2025-08-11,Jaffna,9
2025,33,2025-08-11,Kilinochchi,0
2025,33,2025-08-11,Mannar,3
2025,33,2025-08-11,Vavuniya,0
2025,33,2025-08-11,Mullaitivu,0
2025,33,2025-08-11,Batticaloa,12
2025,33,2025-08-11,Ampara,3
2025,33,2025-08-11,Trincomalee,4
2025,33,2025-08-11,Kurunegala,37
2025,33,2025-08-11,Puttalam,17
2025,33,2025-08-11,Anuradhapura,6
2025,33,2025-08-11,Polonnaruwa,2
2025,33,2025-08-11,Badulla,13
2025,33,2025-08-11,Monaragala,11
2025,33,2025-08-11,Ratnapura,64
2025,33,2025-08-11,Kegalle,31
2025,34,2025-08-18,Colombo,87
2025,34,2025-08-18,Gampaha,91
2025,34,2025-08-18,Kalutara,56
2025,34,2025-08-18,Kandy,80
2025,34,2025-08-18,Matale,13
2025,34,2025-08-18,Nuwara Eliya,3
2025,34,2025-08-18,Galle,48
2025,34,2025-08-18,Matara,35
2025,34,2025-08-18,Hambantota,15
2025,34,2025-08-18,Jaffna,20
2025,34,2025-08-18,Kilinochchi,2
2025,34,2025-08-18,Mannar,1
2025,34,2025-08-18,Vavuniya,2
2025,34,2025-08-18,Mullaitivu,0
2025,34,2025-08-18,Batticaloa,5
2025,34,2025-08-18,Ampara,6
2025,34,2025-08-18,Trincomalee,2
2025,34,2025-08-18,Kurunegala,23
2025,34,2025-08-18,Puttalam,11
2025,34,2025-08-18,Anuradhapura,11
2025,34,2025-08-18,Polonnaruwa,3
2025,34,2025-08-18,Badulla,12
2025,34,2025-08-18,Monaragala,17
2025,34,2025-08-18,Ratnapura,79
2025,34,2025-08-18,Kegalle,19
2025,35,2025-08-25,Colombo,137
2025,35,2025-08-25,Gampaha,108
2025,35,2025-08-25,Kalutara,39
2025,35,2025-08-25,Kandy,92
2025,35,2025-08-25,Matale,17
2025,35,2025-08-25,Nuwara Eliya,8
2025,35,2025-08-25,Galle,27
2025,35,2025-08-25,Matara,26
2025,35,2025-08-25,Hambantota,7
2025,35,2025-08-25,Jaffna,6
2025,35,2025-08-25,Kilinochchi,0
2025,35,2025-08-25,Mannar,1
2025,35,2025-08-25,Vavuniya,3
2025,35,2025-08-25,Mullaitivu,0
2025,35,2025-08-25,Batticaloa,6
2025,35,2025-08-25,Ampara,7
2025,35,2025-08-25,Trincomalee,4
2025,35,2025-08-25,Kurunegala,24
2025,35,2025-08-25,Puttalam,4
2025,35,2025-08-25,Anuradhapura,6
2025,35,2025-08-25,Polonnaruwa,5
2025,35,2025-08-25,Badulla,14
2025,35,2025-08-25,Monaragala,8
2025,35,2025-08-25,Ratnapura,62
2025,35,2025-08-25,Kegalle,24
2025,36,2025-09-01,Colombo,104
2025,36,2025-09-01,Gampaha,63
2025,36,2025-09-01,Kalutara,40
2025,36,2025-09-01,Kandy,94
2025,36,2025-09-01,Matale,11
2025,36,2025-09-01,Nuwara Eliya,5
2025,36,2025-09-01,Galle,37
2025,36,2025-09-01,Matara,26
2025,36,2025-09-01,Hambantota,18
2025,36,2025-09-01,Jaffna,12
2025,36,2025-09-01,Kilinochchi,0
2025,36,2025-09-01,Mannar,2
2025,36,2025-09-01,Vavuniya,0
2025,36,2025-09-01,Mullaitivu,1
2025,36,2025-09-01,Batticaloa,9
2025,36,2025-09-01,Ampara,7
2025,36,2025-09-01,Trincomalee,4
2025,36,2025-09-01,Kurunegala,24
2025,36,2025-09-01,Puttalam,9
2025,36,2025-09-01,Anuradhapura,9
2025,36,2025-09-01,Polonnaruwa,2
2025,36,2025-09-01,Badulla,18
2025,36,2025-09-01,Monaragala,16
2025,36,2025-09-01,Ratnapura,60
2025,36,2025-09-01,Kegalle,27
2025,37,2025-09-08,Colombo,103
2025,37,2025-09-08,Gampaha,58
2025,37,2025-09-08,Kalutara,34
2025,37,2025-09-08,Kandy,87
2025,37,2025-09-08,Matale,31
2025,37,2025-09-08,Nuwara Eliya,7
2025,37,2025-09-08,Galle,33
2025,37,2025-09-08,Matara,16
2025,37,2025-09-08,Hambantota,9
2025,37,2025-09-08,Jaffna,22
2025,37,2025-09-08,Kilinochchi,2
2025,37,2025-09-08,Mannar,2
2025,37,2025-09-08,Vavuniya,0
2025,37,2025-09-08,Mullaitivu,0
2025,37,2025-09-08,Batticaloa,8
2025,37,2025-09-08,Ampara,6
2025,37,2025-09-08,Trincomalee,3
2025,37,2025-09-08,Kurunegala,8
2025,37,2025-09-08,Puttalam,5
2025,37,2025-09-08,Anuradhapura,2
2025,37,2025-09-08,Polonnaruwa,4
2025,37,2025-09-08,Badulla,8
2025,37,2025-09-08,Monaragala,3
2025,37,2025-09-08,Ratnapura,59
2025,37,2025-09-08,Kegalle,19
2025,38,2025-09-15,Colombo,117
2025,38,2025-09-15,Gampaha,92
2025,38,2025-09-15,Kalutara,32
2025,38,2025-09-15,Kandy,60
2025,38,2025-09-15,Matale,22
2025,38,2025-09-15,Nuwara Eliya,5
2025,38,2025-09-15,Galle,44
2025,38,2025-09-15,Matara,18
2025,38,2025-09-15,Hambantota,9
2025,38,2025-09-15,Jaffna,14
2025,38,2025-09-15,Kilinochchi,1
2025,38,2025-09-15,Mannar,2
2025,38,2025-09-15,Vavuniya,2
2025,38,2025-09-15,Mullaitivu,2
2025,38,2025-09-15,Batticaloa,8
2025,38,2025-09-15,Ampara,17
2025,38,2025-09-15,Trincomalee,5
2025,38,2025-09-15,Kurunegala,19
2025,38,2025-09-15,Puttalam,10
2025,38,2025-09-15,Anuradhapura,6
2025,38,2025-09-15,Polonnaruwa,2
2025,38,2025-09-15,Badulla,11
2025,38,2025-09-15,Monaragala,16
2025,38,2025-09-15,Ratnapura,15
2025,38,2025-09-15,Kegalle,67
2025,39,2025-09-22,Colombo,120
2025,39,2025-09-22,Gampaha,93
2025,39,2025-09-22,Kalutara,27
2025,39,2025-09-22,Kandy,79
2025,39,2025-09-22,Matale,34
2025,39,2025-09-22,Nuwara Eliya,6
2025,39,2025-09-22,Galle,29
2025,39,2025-09-22,Matara,34
2025,39,2025-09-22,Hambantota,7
2025,39,2025-09-22,Jaffna,5
2025,39,2025-09-22,Kilinochchi,1
2025,39,2025-09-22,Mannar,3
2025,39,2025-09-22,Vavuniya,1
2025,39,2025-09-22,Mullaitivu,2
2025,39,2025-09-22,Batticaloa,9
2025,39,2025-09-22,Ampara,15
2025,39,2025-09-22,Trincomalee,2
2025,39,2025-09-22,Kurunegala,15
2025,39,2025-09-22,Puttalam,6
2025,39,2025-09-22,Anuradhapura,3
2025,39,2025-09-22,Polonnaruwa,2
2025,39,2025-09-22,Badulla,19
2025,39,2025-09-22,Monaragala,10
2025,39,2025-09-22,Ratnapura,65
2025,39,2025-09-22,Kegalle,20
2025,40,2025-09-29,Colombo,155
2025,40,2025-09-29,Gampaha,78
2025,40,2025-09-29,Kalutara,43
2025,40,2025-09-29,Kandy,37
2025,40,2025-09-29,Matale,24
2025,40,2025-09-29,Nuwara Eliya,6
2025,40,2025-09-29,Galle,35
2025,40,2025-09-29,Matara,12
2025,40,2025-09-29,Hambantota,19
2025,40,2025-09-29,Jaffna,14
2025,40,2025-09-29,Kilinochchi,0
2025,40,2025-09-29,Mannar,2
2025,40,2025-09-29,Vavuniya,0
2025,40,2025-09-29,Mullaitivu,0
2025,40,2025-09-29,Batticaloa,9
2025,40,2025-09-29,Ampara,4
2025,40,2025-09-29,Trincomalee,6
2025,40,2025-09-29,Kurunegala,19
2025,40,2025-09-29,Puttalam,4
2025,40,2025-09-29,Anuradhapura,2
2025,40,2025-09-29,Polonnaruwa,3
2025,40,2025-09-29,Badulla,8
2025,40,2025-09-29,Monaragala,8
2025,40,2025-09-29,Ratnapura,63
2025,40,2025-09-29,Kegalle,18
2025,41,2025-10-06,Colombo,129
2025,41,2025-10-06,Gampaha,56
2025,41,2025-10-06,Kalutara,32
2025,41,2025-10-06,Kandy,39
2025,41,2025-10-06,Matale,19
2025,41,2025-10-06,Nuwara Eliya,10
2025,41,2025-10-06,Galle,30
2025,41,2025-10-06,Matara,12
2025,41,2025-10-06,Hambantota,15
2025,41,2025-10-06,Jaffna,18
2025,41,2025-10-06,Kilinochchi,3
2025,41,2025-10-06,Mannar,0
2025,41,2025-10-06,Vavuniya,0
2025,41,2025-10-06,Mullaitivu,1
2025,41,2025-10-06,Batticaloa,14
2025,41,2025-10-06,Ampara,6
2025,41,2025-10-06,Trincomalee,8
2025,41,2025-10-06,Kurunegala,8
2025,41,2025-10-06,Puttalam,5
2025,41,2025-10-06,Anuradhapura,0
2025,41,2025-10-06,Polonnaruwa,7
2025,41,2025-10-06,Badulla,13
2025,41,2025-10-06,Monaragala,9
2025,41,2025-10-06,Ratnapura,70
2025,41,2025-10-06,Kegalle,19
2025,42,2025-10-13,Colombo,130
2025,42,2025-10-13,Gampaha,82
2025,42,2025-10-13,Kalutara,35
2025,42,2025-10-13,Kandy,44
2025,42,2025-10-13,Matale,9
2025,42,2025-10-13,Nuwara Eliya,10
2025,42,2025-10-13,Galle,34
2025,42,2025-10-13,Matara,20
2025,42,2025-10-13,Hambantota,10
2025,42,2025-10-13,Jaffna,19
2025,42,2025-10-13,Kilinochchi,4
2025,42,2025-10-13,Mannar,1
2025,42,2025-10-13,Vavuniya,4
2025,42,2025-10-13,Mullaitivu,0
2025,42,2025-10-13,Batticaloa,16
2025,42,2025-10-13,Ampara,9
2025,42,2025-10-13,Trincomalee,1
2025,42,2025-10-13,Kurunegala,15
2025,42,2025-10-13,Puttalam,5
2025,42,2025-10-13,Anuradhapura,7
2025,42,2025-10-13,Polonnaruwa,6
2025,42,2025-10-13,Badulla,4
2025,42,2025-10-13,Monaragala,4
2025,42,2025-10-13,Ratnapura,41
2025,42,2025-10-13,Kegalle,18
2025,43,2025-10-20,Colombo,157
2025,43,2025-10-20,Gampaha,83
2025,43,2025-10-20,Kalutara,24
2025,43,2025-10-20,Kandy,44
2025,43,2025-10-20,Matale,15
2025,43,2025-10-20,Nuwara Eliya,5
2025,43,2025-10-20,Galle,40
2025,43,2025-10-20,Matara,22
2025,43,2025-10-20,Hambantota,10
2025,43,2025-10-20,Jaffna,26
2025,43,2025-10-20,Kilinochchi,2
2025,43,2025-10-20,Mannar,3
2025,43,2025-10-20,Vavuniya,2
2025,43,2025-10-20,Mullaitivu,0
2025,43,2025-10-20,Batticaloa,17
2025,43,2025-10-20,Ampara,14
2025,43,2025-10-20,Trincomalee,5
2025,43,2025-10-20,Kurunegala,24
2025,43,2025-10-20,Puttalam,12
2025,43,2025-10-20,Anuradhapura,9
2025,43,2025-10-20,Polonnaruwa,4
2025,43,2025-10-20,Badulla,8
2025,43,2025-10-20,Monaragala,11
2025,43,2025-10-20,Ratnapura,42
2025,43,2025-10-20,Kegalle,11
2025,44,2025-10-27,Colombo,214
2025,44,2025-10-27,Gampaha,95
2025,44,2025-10-27,Kalutara,35
2025,44,2025-10-27,Kandy,52
2025,44,2025-10-27,Matale,24
2025,44,2025-10-27,Nuwara Eliya,2
2025,44,2025-10-27,Galle,29
2025,44,2025-10-27,Matara,10
2025,44,2025-10-27,Hambantota,6
2025,44,2025-10-27,Jaffna,26
2025,44,2025-10-27,Kilinochchi,2
2025,44,2025-10-27,Mannar,5
2025,44,2025-10-27,Vavuniya,0
2025,44,2025-10-27,Mullaitivu,0
2025,44,2025-10-27,Batticaloa,13
2025,44,2025-10-27,Ampara,9
2025,44,2025-10-27,Trincomalee,7
2025,44,2025-10-27,Kurunegala,17
2025,44,2025-10-27,Puttalam,5
2025,44,2025-10-27,Anuradhapura,4
2025,44,2025-10-27,Polonnaruwa,3
2025,44,2025-10-27,Badulla,11
2025,44,2025-10-27,Monaragala,17
2025,44,2025-10-27,Ratnapura,36
2025,44,2025-10-27,Kegalle,17
2025,45,2025-11-03,Colombo,153
2025,45,2025-11-03,Gampaha,112
2025,45,2025-11-03,Kalutara,32
2025,45,2025-11-03,Kandy,58
2025,45,2025-11-03,Matale,22
2025,45,2025-11-03,Nuwara Eliya,5
2025,45,2025-11-03,Galle,30
2025,45,2025-11-03,Matara,23
2025,45,2025-11-03,Hambantota,14
2025,45,2025-11-03,Jaffna,55
2025,45,2025-11-03,Kilinochchi,2
2025,45,2025-11-03,Mannar,7
2025,45,2025-11-03,Vavuniya,1
2025,45,2025-11-03,Mullaitivu,1
2025,45,2025-11-03,Batticaloa,19
2025,45,2025-11-03,Ampara,15
2025,45,2025-11-03,Trincomalee,15
2025,45,2025-11-03,Kurunegala,15
2025,45,2025-11-03,Puttalam,11
2025,45,2025-11-03,Anuradhapura,9
2025,45,2025-11-03,Polonnaruwa,3
2025,45,2025-11-03,Badulla,7
2025,45,2025-11-03,Monaragala,16
2025,45,2025-11-03,Ratnapura,57
2025,45,2025-11-03,Kegalle,19
2025,46,2025-11-10,Colombo,184
2025,46,2025-11-10,Gampaha,128
2025,46,2025-11-10,Kalutara,27
2025,46,2025-11-10,Kandy,56
2025,46,2025-11-10,Matale,12
2025,46,2025-11-10,Nuwara Eliya,5
2025,46,2025-11-10,Galle,27
2025,46,2025-11-10,Matara,17
2025,46,2025-11-10,Hambantota,18
2025,46,2025-11-10,Jaffna,54
2025,46,2025-11-10,Kilinochchi,6
2025,46,2025-11-10,Mannar,6
2025,46,2025-11-10,Vavuniya,1
2025,46,2025-11-10,Mullaitivu,0
2025,46,2025-11-10,Batticaloa,29
2025,46,2025-11-10,Ampara,10
2025,46,2025-11-10,Trincomalee,12
2025,46,2025-11-10,Kurunegala,13
2025,46,2025-11-10,Puttalam,23
2025,46,2025-11-10,Anuradhapura,3
2025,46,2025-11-10,Polonnaruwa,3
2025,46,2025-11-10,Badulla,14
2025,46,2025-11-10,Monaragala,7
2025,46,2025-11-10,Ratnapura,47
2025,46,2025-11-10,Kegalle,17
2025,47,2025-11-17,Colombo,266
2025,47,2025-11-17,Gampaha,131
2025,47,2025-11-17,Kalutara,35
2025,47,2025-11-17,Kandy,71
2025,47,2025-11-17,Matale,22
2025,47,2025-11-17,Nuwara Eliya,5
2025,47,2025-11-17,Galle,36
2025,47,2025-11-17,Matara,36
2025,47,2025-11-17,Hambantota,14
2025,47,2025-11-17,Jaffna,54
2025,47,2025-11-17,Kilinochchi,5
2025,47,2025-11-17,Mannar,12
2025,47,2025-11-17,Vavuniya,2
2025,47,2025-11-17,Mullaitivu,2
2025,47,2025-11-17,Batticaloa,21
2025,47,2025-11-17,Ampara,17
2025,47,2025-11-17,Trincomalee,11
2025,47,2025-11-17,Kurunegala,20
2025,47,2025-11-17,Puttalam,20
2025,47,2025-11-17,Anuradhapura,8
2025,47,2025-11-17,Polonnaruwa,15
2025,47,2025-11-17,Badulla,17
2025,47,2025-11-17,Monaragala,10
2025,47,2025-11-17,Ratnapura,43
2025,47,2025-11-17,Kegalle,12
2025,48,2025-11-24,Colombo,226
2025,48,2025-11-24,Gampaha,159
2025,48,2025-11-24,Kalutara,34
2025,48,2025-11-24,Kandy,88
2025,48,2025-11-24,Matale,20
2025,48,2025-11-24,Nuwara Eliya,8
2025,48,2025-11-24,Galle,48
2025,48,2025-11-24,Matara,22
2025,48,2025-11-24,Hambantota,15
2025,48,2025-11-24,Jaffna,57
2025,48,2025-11-24,Kilinochchi,3
2025,48,2025-11-24,Mannar,5
2025,48,2025-11-24,Vavuniya,0
2025,48,2025-11-24,Mullaitivu,4
2025,48,2025-11-24,Batticaloa,21
2025,48,2025-11-24,Ampara,24
2025,48,2025-11-24,Trincomalee,19
2025,48,2025-11-24,Kurunegala,23
2025,48,2025-11-24,Puttalam,18
2025,48,2025-11-24,Anuradhapura,10
2025,48,2025-11-24,Polonnaruwa,15
2025,48,2025-11-24,Badulla,18
2025,48,2025-11-24,Monaragala,15
2025,48,2025-11-24,Ratnapura,54
2025,48,2025-11-24,Kegalle,34
2025,49,2025-12-01,Colombo,286
2025,49,2025-12-01,Gampaha,138
2025,49,2025-12-01,Kalutara,57
2025,49,2025-12-01,Kandy,60
2025,49,2025-12-01,Matale,15
2025,49,2025-12-01,Nuwara Eliya,8
2025,49,2025-12-01,Galle,68
2025,49,2025-12-01,Matara,37
2025,49,2025-12-01,Hambantota,13
2025,49,2025-12-01,Jaffna,49
2025,49,2025-12-01,Kilinochchi,1
2025,49,2025-12-01,Mannar,5
2025,49,2025-12-01,Vavuniya,0
2025,49,2025-12-01,Mullaitivu,2
2025,49,2025-12-01,Batticaloa,10
2025,49,2025-12-01,Ampara,11
2025,49,2025-12-01,Trincomalee,16
2025,49,2025-12-01,Kurunegala,21
2025,49,2025-12-01,Puttalam,10
2025,49,2025-12-01,Anuradhapura,8
2025,49,2025-12-01,Polonnaruwa,8
2025,49,2025-12-01,Badulla,14
2025,49,2025-12-01,Monaragala,15
2025,49,2025-12-01,Ratnapura,54
2025,49,2025-12-01,Kegalle,30
2025,50,2025-12-08,Colombo,272
2025,50,2025-12-08,Gampaha,186
2025,50,2025-12-08,Kalutara,63
2025,50,2025-12-08,Kandy,50
2025,50,2025-12-08,Matale,21
2025,50,2025-12-08,Nuwara Eliya,1
2025,50,2025-12-08,Galle,68
2025,50,2025-12-08,Matara,45
2025,50,2025-12-08,Hambantota,24
2025,50,2025-12-08,Jaffna,58
2025,50,2025-12-08,Kilinochchi,4
2025,50,2025-12-08,Mannar,0
2025,50,2025-12-08,Vavuniya,1
2025,50,2025-12-08,Mullaitivu,0
2025,50,2025-12-08,Batticaloa,16
2025,50,2025-12-08,Ampara,7
2025,50,2025-12-08,Trincomalee,8
2025,50,2025-12-08,Kurunegala,19
2025,50,2025-12-08,Puttalam,13
2025,50,2025-12-08,Anuradhapura,11
2025,50,2025-12-08,Polonnaruwa,5
2025,50,2025-12-08,Badulla,10
2025,50,2025-12-08,Monaragala,10
2025,50,2025-12-08,Ratnapura,64
2025,50,2025-12-08,Kegalle,18
2025,51,2025-12-15,Colombo,318
2025,51,2025-12-15,Gampaha,202
2025,51,2025-12-15,Kalutara,53
2025,51,2025-12-15,Kandy,82
2025,51,2025-12-15,Matale,25
2025,51,2025-12-15,Nuwara Eliya,3
2025,51,2025-12-15,Galle,81
2025,51,2025-12-15,Matara,67
2025,51,2025-12-15,Hambantota,28
2025,51,2025-12-15,Jaffna,78
2025,51,2025-12-15,Kilinochchi,10
2025,51,2025-12-15,Mannar,5
2025,51,2025-12-15,Vavuniya,2
2025,51,2025-12-15,Mullaitivu,2
2025,51,2025-12-15,Batticaloa,14
2025,51,2025-12-15,Ampara,22
2025,51,2025-12-15,Trincomalee,26
2025,51,2025-12-15,Kurunegala,24
2025,51,2025-12-15,Puttalam,30
2025,51,2025-12-15,Anuradhapura,12
2025,51,2025-12-15,Polonnaruwa,6
2025,51,2025-12-15,Badulla,18
2025,51,2025-12-15,Monaragala,14
2025,51,2025-12-15,Ratnapura,43
2025,51,2025-12-15,Kegalle,36
2025,52,2025-12-22,Colombo,340
2025,52,2025-12-22,Gampaha,214
2025,52,2025-12-22,Kalutara,85
2025,52,2025-12-22,Kandy,85
2025,52,2025-12-22,Matale,16
2025,52,2025-12-22,Nuwara Eliya,7
2025,52,2025-12-22,Galle,82
2025,52,2025-12-22,Matara,44
2025,52,2025-12-22,Hambantota,42
2025,52,2025-12-22,Jaffna,76
2025,52,2025-12-22,Kilinochchi,5
2025,52,2025-12-22,Mannar,0
2025,52,2025-12-22,Vavuniya,3
2025,52,2025-12-22,Mullaitivu,3
2025,52,2025-12-22,Batticaloa,20
2025,52,2025-12-22,Ampara,18
2025,52,2025-12-22,Trincomalee,9
2025,52,2025-12-22,Kurunegala,32
2025,52,2025-12-22,Puttalam,22
2025,52,2025-12-22,Anuradhapura,13
2025,52,2025-12-22,Polonnaruwa,14
2025,52,2025-12-22,Badulla,25
2025,52,2025-12-22,Monaragala,24
2025,52,2025-12-22,Ratnapura,60
2025,52,2025-12-22,Kegalle,37
2026,1,2025-12-29,Colombo,388
2026,1,2025-12-29,Gampaha,259
2026,1,2025-12-29,Kalutara,85
2026,1,2025-12-29,Kandy,86
2026,1,2025-12-29,Matale,30
2026,1,2025-12-29,Nuwara Eliya,15
2026,1,2025-12-29,Galle,88
2026,1,2025-12-29,Matara,69
2026,1,2025-12-29,Hambantota,49
2026,1,2025-12-29,Jaffna,54
2026,1,2025-12-29,Kilinochchi,4
2026,1,2025-12-29,Mannar,2
2026,1,2025-12-29,Vavuniya,4
2026,1,2025-12-29,Mullaitivu,0
2026,1,2025-12-29,Batticaloa,15
2026,1,2025-12-29,Ampara,27
2026,1,2025-12-29,Trincomalee,18
2026,1,2025-12-29,Kurunegala,37
2026,1,2025-12-29,Puttalam,25
2026,1,2025-12-29,Anuradhapura,23
2026,1,2025-12-29,Polonnaruwa,14
2026,1,2025-12-29,Badulla,28
2026,1,2025-12-29,Monaragala,22
2026,1,2025-12-29,Ratnapura,59
2026,1,2025-12-29,Kegalle,42
2026,2,2026-01-05,Colombo,434
2026,2,2026-01-05,Gampaha,305
2026,2,2026-01-05,Kalutara,116
2026,2,2026-01-05,Kandy,91
2026,2,2026-01-05,Matale,32
2026,2,2026-01-05,Nuwara Eliya,7
2026,2,2026-01-05,Galle,63
2026,2,2026-01-05,Matara,79
2026,2,2026-01-05,Hambantota,60
2026,2,2026-01-05,Jaffna,64
2026,2,2026-01-05,Kilinochchi,2
2026,2,2026-01-05,Mannar,2
2026,2,2026-01-05,Vavuniya,3
2026,2,2026-01-05,Mullaitivu,1
2026,2,2026-01-05,Batticaloa,18
2026,2,2026-01-05,Ampara,25
2026,2,2026-01-05,Trincomalee,15
2026,2,2026-01-05,Kurunegala,36
2026,2,2026-01-05,Puttalam,21
2026,2,2026-01-05,Anuradhapura,23
2026,2,2026-01-05,Polonnaruwa,14
2026,2,2026-01-05,Badulla,25
2026,2,2026-01-05,Monaragala,16
2026,2,2026-01-05,Ratnapura,63
2026,2,2026-01-05,Kegalle,54
2026,3,2026-01-12,Colombo,594
2026,3,2026-01-12,Gampaha,298
2026,3,2026-01-12,Kalutara,116
2026,3,2026-01-12,Kandy,106
2026,3,2026-01-12,Matale,33
2026,3,2026-01-12,Nuwara Eliya,9
2026,3,2026-01-12,Galle,128
2026,3,2026-01-12,Matara,123
2026,3,2026-01-12,Hambantota,63
2026,3,2026-01-12,Jaffna,44
2026,3,2026-01-12,Kilinochchi,3
2026,3,2026-01-12,Mannar,4
2026,3,2026-01-12,Vavuniya,2
2026,3,2026-01-12,Mullaitivu,6
2026,3,2026-01-12,Batticaloa,16
2026,3,2026-01-12,Ampara,39
2026,3,2026-01-12,Trincomalee,26
2026,3,2026-01-12,Kurunegala,51
2026,3,2026-01-12,Puttalam,46
2026,3,2026-01-12,Anuradhapura,27
2026,3,2026-01-12,Polonnaruwa,9
2026,3,2026-01-12,Badulla,40
2026,3,2026-01-12,Monaragala,32
2026,3,2026-01-12,Ratnapura,94
2026,3,2026-01-12,Kegalle,48
2026,4,2026-01-19,Colombo,555
2026,4,2026-01-19,Gampaha,234
2026,4,2026-01-19,Kalutara,91
2026,4,2026-01-19,Kandy,66
2026,4,2026-01-19,Matale,25
2026,4,2026-01-19,Nuwara Eliya,9
2026,4,2026-01-19,Galle,148
2026,4,2026-01-19,Matara,180
2026,4,2026-01-19,Hambantota,92
2026,4,2026-01-19,Jaffna,37
2026,4,2026-01-19,Kilinochchi,2
2026,4,2026-01-19,Mannar,0
2026,4,2026-01-19,Vavuniya,4
2026,4,2026-01-19,Mullaitivu,7
2026,4,2026-01-19,Batticaloa,49
2026,4,2026-01-19,Ampara,40
2026,4,2026-01-19,Trincomalee,20
2026,4,2026-01-19,Kurunegala,44
2026,4,2026-01-19,Puttalam,26
2026,4,2026-01-19,Anuradhapura,20
2026,4,2026-01-19,Polonnaruwa,19
2026,4,2026-01-19,Badulla,29
2026,4,2026-01-19,Monaragala,26
2026,4,2026-01-19,Ratnapura,101
2026,4,2026-01-19,Kegalle,50
2026,5,2026-01-26,Colombo,484
2026,5,2026-01-26,Gampaha,269
2026,5,2026-01-26,Kalutara,98
2026,5,2026-01-26,Kandy,84
2026,5,2026-01-26,Matale,37
2026,5,2026-01-26,Nuwara Eliya,16
2026,5,2026-01-26,Galle,129
2026,5,2026-01-26,Matara,148
2026,5,2026-01-26,Hambantota,88
2026,5,2026-01-26,Jaffna,46
2026,5,2026-01-26,Kilinochchi,2
2026,5,2026-01-26,Mannar,2
2026,5,2026-01-26,Vavuniya,6
2026,5,2026-01-26,Mullaitivu,3
2026,5,2026-01-26,Batticaloa,42
2026,5,2026-01-26,Ampara,56
2026,5,2026-01-26,Trincomalee,16
2026,5,2026-01-26,Kurunegala,44
2026,5,2026-01-26,Puttalam,25
2026,5,2026-01-26,Anuradhapura,14
2026,5,2026-01-26,Polonnaruwa,11
2026,5,2026-01-26,Badulla,27
2026,5,2026-01-26,Monaragala,23
2026,5,2026-01-26,Ratnapura,93
2026,5,2026-01-26,Kegalle,50
2026,6,2026-02-02,Colombo,447
2026,6,2026-02-02,Gampaha,191
2026,6,2026-02-02,Kalutara,101
2026,6,2026-02-02,Kandy,56
2026,6,2026-02-02,Matale,43
2026,6,2026-02-02,Nuwara Eliya,13
2026,6,2026-02-02,Galle,116
2026,6,2026-02-02,Matara,148
2026,6,2026-02-02,Hambantota,52
2026,6,2026-02-02,Jaffna,51
2026,6,2026-02-02,Kilinochchi,5
2026,6,2026-02-02,Mannar,3
2026,6,2026-02-02,Vavuniya,5
2026,6,2026-02-02,Mullaitivu,3
2026,6,2026-02-02,Batticaloa,58
2026,6,2026-02-02,Ampara,47
2026,6,2026-02-02,Trincomalee,17
2026,6,2026-02-02,Kurunegala,40
2026,6,2026-02-02,Puttalam,26
2026,6,2026-02-02,Anuradhapura,24
2026,6,2026-02-02,Polonnaruwa,15
2026,6,2026-02-02,Badulla,21
2026,6,2026-02-02,Monaragala,30
2026,6,2026-02-02,Ratnapura,107
2026,6,2026-02-02,Kegalle,45
2026,7,2026-02-09,Colombo,418
2026,7,2026-02-09,Gampaha,287
2026,7,2026-02-09,Kalutara,61
2026,7,2026-02-09,Kandy,54
2026,7,2026-02-09,Matale,22
2026,7,2026-02-09,Nuwara Eliya,7
2026,7,2026-02-09,Galle,133
2026,7,2026-02-09,Matara,163
2026,7,2026-02-09,Hambantota,50
2026,7,2026-02-09,Jaffna,37
2026,7,2026-02-09,Kilinochchi,0
2026,7,2026-02-09,Mannar,4
2026,7,2026-02-09,Vavuniya,4
2026,7,2026-02-09,Mullaitivu,1
2026,7,2026-02-09,Batticaloa,70
2026,7,2026-02-09,Ampara,56
2026,7,2026-02-09,Trincomalee,17
2026,7,2026-02-09,Kurunegala,54
2026,7,2026-02-09,Puttalam,24
2026,7,2026-02-09,Anuradhapura,19
2026,7,2026-02-09,Polonnaruwa,10
2026,7,2026-02-09,Badulla,15
2026,7,2026-02-09,Monaragala,16
2026,7,2026-02-09,Ratnapura,70
2026,7,2026-02-09,Kegalle,23
2026,8,2026-02-16,Colombo,366
2026,8,2026-02-16,Gampaha,249
2026,8,2026-02-16,Kalutara,89
2026,8,2026-02-16,Kandy,59
2026,8,2026-02-16,Matale,26
2026,8,2026-02-16,Nuwara Eliya,7
2026,8,2026-02-16,Galle,126
2026,8,2026-02-16,Matara,146
2026,8,2026-02-16,Hambantota,37
2026,8,2026-02-16,Jaffna,35
2026,8,2026-02-16,Kilinochchi,3
2026,8,2026-02-16,Mannar,3
2026,8,2026-02-16,Vavuniya,5
2026,8,2026-02-16,Mullaitivu,2
2026,8,2026-02-16,Batticaloa,52
2026,8,2026-02-16,Ampara,33
2026,8,2026-02-16,Trincomalee,22
2026,8,2026-02-16,Kurunegala,36
2026,8,2026-02-16,Puttalam,22
2026,8,2026-02-16,Anuradhapura,23
2026,8,2026-02-16,Polonnaruwa,10
2026,8,2026-02-16,Badulla,35
2026,8,2026-02-16,Monaragala,16
2026,8,2026-02-16,Ratnapura,106
2026,8,2026-02-16,Kegalle,41
2026,9,2026-02-23,Colombo,347
2026,9,2026-02-23,Gampaha,219
2026,9,2026-02-23,Kalutara,78
2026,9,2026-02-23,Kandy,47
2026,9,2026-02-23,Matale,27
2026,9,2026-02-23,Nuwara Eliya,13
2026,9,2026-02-23,Galle,109
2026,9,2026-02-23,Matara,40
2026,9,2026-02-23,Hambantota,15
2026,9,2026-02-23,Jaffna,24
2026,9,2026-02-23,Kilinochchi,9
2026,9,2026-02-23,Mannar,1
2026,9,2026-02-23,Vavuniya,5
2026,9,2026-02-23,Mullaitivu,2
2026,9,2026-02-23,Batticaloa,25
2026,9,2026-02-23,Ampara,30
2026,9,2026-02-23,Trincomalee,16
2026,9,2026-02-23,Kurunegala,25
2026,9,2026-02-23,Puttalam,26
2026,9,2026-02-23,Anuradhapura,15
2026,9,2026-02-23,Polonnaruwa,17
2026,9,2026-02-23,Badulla,20
2026,9,2026-02-23,Monaragala,13
2026,9,2026-02-23,Ratnapura,101
2026,9,2026-02-23,Kegalle,47
2026,10,2026-03-02,Colombo,301
2026,10,2026-03-02,Gampaha,177
2026,10,2026-03-02,Kalutara,68
2026,10,2026-03-02,Kandy,56
2026,10,2026-03-02,Matale,16
2026,10,2026-03-02,Nuwara Eliya,6
2026,10,2026-03-02,Galle,98
2026,10,2026-03-02,Matara,83
2026,10,2026-03-02,Hambantota,38
2026,10,2026-03-02,Jaffna,36
2026,10,2026-03-02,Kilinochchi,1
2026,10,2026-03-02,Mannar,2
2026,10,2026-03-02,Vavuniya,5
2026,10,2026-03-02,Mullaitivu,2
2026,10,2026-03-02,Batticaloa,49
2026,10,2026-03-02,Ampara,37
2026,10,2026-03-02,Trincomalee,13
2026,10,2026-03-02,Kurunegala,30
2026,10,2026-03-02,Puttalam,30
2026,10,2026-03-02,Anuradhapura,27
2026,10,2026-03-02,Polonnaruwa,4
2026,10,2026-03-02,Badulla,20
2026,10,2026-03-02,Monaragala,16
2026,10,2026-03-02,Ratnapura,93
2026,10,2026-03-02,Kegalle,35
2026,11,2026-03-09,Colombo,350
2026,11,2026-03-09,Gampaha,200
2026,11,2026-03-09,Kalutara,63
2026,11,2026-03-09,Kandy,40
2026,11,2026-03-09,Matale,20
2026,11,2026-03-09,Nuwara Eliya,8
2026,11,2026-03-09,Galle,90
2026,11,2026-03-09,Matara,96
2026,11,2026-03-09,Hambantota,40
2026,11,2026-03-09,Jaffna,18
2026,11,2026-03-09,Kilinochchi,2
2026,11,2026-03-09,Mannar,3
2026,11,2026-03-09,Vavuniya,0
2026,11,2026-03-09,Mullaitivu,2
2026,11,2026-03-09,Batticaloa,58
2026,11,2026-03-09,Ampara,34
2026,11,2026-03-09,Trincomalee,8
2026,11,2026-03-09,Kurunegala,37
2026,11,2026-03-09,Puttalam,25
2026,11,2026-03-09,Anuradhapura,8
2026,11,2026-03-09,Polonnaruwa,3
2026,11,2026-03-09,Badulla,21
2026,11,2026-03-09,Monaragala,18
2026,11,2026-03-09,Ratnapura,67
2026,11,2026-03-09,Kegalle,43
2026,12,2026-03-16,Colombo,287
2026,12,2026-03-16,Gampaha,191
2026,12,2026-03-16,Kalutara,84
2026,12,2026-03-16,Kandy,57
2026,12,2026-03-16,Matale,29
2026,12,2026-03-16,Nuwara Eliya,8
2026,12,2026-03-16,Galle,114
2026,12,2026-03-16,Matara,120
2026,12,2026-03-16,Hambantota,43
2026,12,2026-03-16,Jaffna,24
2026,12,2026-03-16,Kilinochchi,3
2026,12,2026-03-16,Mannar,0
2026,12,2026-03-16,Vavuniya,4
2026,12,2026-03-16,Mullaitivu,2
2026,12,2026-03-16,Batticaloa,60
2026,12,2026-03-16,Ampara,50
2026,12,2026-03-16,Trincomalee,27
2026,12,2026-03-16,Kurunegala,37
2026,12,2026-03-16,Puttalam,22
2026,12,2026-03-16,Anuradhapura,20
2026,12,2026-03-16,Polonnaruwa,17
2026,12,2026-03-16,Badulla,25
2026,12,2026-03-16,Monaragala,26
2026,12,2026-03-16,Ratnapura,97
2026,12,2026-03-16,Kegalle,32
2026,13,2026-03-23,Colombo,282
2026,13,2026-03-23,Gampaha,180
2026,13,2026-03-23,Kalutara,111
2026,13,2026-03-23,Kandy,50
2026,13,2026-03-23,Matale,17
2026,13,2026-03-23,Nuwara Eliya,6
2026,13,2026-03-23,Galle,89
2026,13,2026-03-23,Matara,112
2026,13,2026-03-23,Hambantota,35
2026,13,2026-03-23,Jaffna,22
2026,13,2026-03-23,Kilinochchi,0
2026,13,2026-03-23,Mannar,1
2026,13,2026-03-23,Vavuniya,1
2026,13,2026-03-23,Mullaitivu,1
2026,13,2026-03-23,Batticaloa,51
2026,13,2026-03-23,Ampara,25
2026,13,2026-03-23,Trincomalee,20
2026,13,2026-03-23,Kurunegala,31
2026,13,2026-03-23,Puttalam,15
2026,13,2026-03-23,Anuradhapura,13
2026,13,2026-03-23,Polonnaruwa,2
2026,13,2026-03-23,Badulla,13
2026,13,2026-03-23,Monaragala,10
2026,13,2026-03-23,Ratnapura,91
2026,13,2026-03-23,Kegalle,44
2026,14,2026-03-30,Colombo,316
2026,14,2026-03-30,Gampaha,194
2026,14,2026-03-30,Kalutara,122
2026,14,2026-03-30,Kandy,68
2026,14,2026-03-30,Matale,17
2026,14,2026-03-30,Nuwara Eliya,4
2026,14,2026-03-30,Galle,114
2026,14,2026-03-30,Matara,83
2026,14,2026-03-30,Hambantota,29
2026,14,2026-03-30,Jaffna,30
2026,14,2026-03-30,Kilinochchi,4
2026,14,2026-03-30,Mannar,1
2026,14,2026-03-30,Vavuniya,5
2026,14,2026-03-30,Mullaitivu,1
2026,14,2026-03-30,Batticaloa,40
2026,14,2026-03-30,Ampara,43
2026,14,2026-03-30,Trincomalee,30
2026,14,2026-03-30,Kurunegala,26
2026,14,2026-03-30,Puttalam,14
2026,14,2026-03-30,Anuradhapura,12
2026,14,2026-03-30,Polonnaruwa,14
2026,14,2026-03-30,Badulla,21
2026,14,2026-03-30,Monaragala,16
2026,14,2026-03-30,Ratnapura,90
2026,14,2026-03-30,Kegalle,37
2026,15,2026-04-06,Colombo,9
2026,15,2026-04-06,Gampaha,10
2026,15,2026-04-06,Kalutara,10
2026,15,2026-04-06,Kandy,42
2026,15,2026-04-06,Matale,256
2026,15,2026-04-06,Nuwara Eliya,113
2026,15,2026-04-06,Galle,170
2026,15,2026-04-06,Matara,21
2026,15,2026-04-06,Hambantota,28
2026,15,2026-04-06,Jaffna,32
2026,15,2026-04-06,Kilinochchi,117
2026,15,2026-04-06,Mannar,47
2026,15,2026-04-06,Vavuniya,39
2026,15,2026-04-06,Mullaitivu,1
2026,15,2026-04-06,Batticaloa,28
2026,15,2026-04-06,Ampara,5
2026,15,2026-04-06,Trincomalee,18
2026,15,2026-04-06,Kurunegala,96
2026,15,2026-04-06,Puttalam,29
2026,15,2026-04-06,Anuradhapura,2
2026,15,2026-04-06,Polonnaruwa,4
2026,15,2026-04-06,Badulla,14
2026,15,2026-04-06,Monaragala,18
2026,15,2026-04-06,Ratnapura,92
2026,15,2026-04-06,Kegalle,16
2026,16,2026-04-13,Colombo,291
2026,16,2026-04-13,Gampaha,145
2026,16,2026-04-13,Kalutara,165
2026,16,2026-04-13,Kandy,36
2026,16,2026-04-13,Matale,18
2026,16,2026-04-13,Nuwara Eliya,8
2026,16,2026-04-13,Galle,93
2026,16,2026-04-13,Matara,110
2026,16,2026-04-13,Hambantota,46
2026,16,2026-04-13,Jaffna,16
2026,16,2026-04-13,Kilinochchi,1
2026,16,2026-04-13,Mannar,3
2026,16,2026-04-13,Vavuniya,0
2026,16,2026-04-13,Mullaitivu,1
2026,16,2026-04-13,Batticaloa,37
2026,16,2026-04-13,Ampara,39
2026,16,2026-04-13,Trincomalee,22
2026,16,2026-04-13,Kurunegala,31
2026,16,2026-04-13,Puttalam,14
2026,16,2026-04-13,Anuradhapura,17
2026,16,2026-04-13,Polonnaruwa,18
2026,16,2026-04-13,Badulla,18
2026,16,2026-04-13,Monaragala,27
2026,16,2026-04-13,Ratnapura,103
2026,16,2026-04-13,Kegalle,39
2026,17,2026-04-20,Colombo,240
2026,17,2026-04-20,Gampaha,189
2026,17,2026-04-20,Kalutara,85
2026,17,2026-04-20,Kandy,65
2026,17,2026-04-20,Matale,10
2026,17,2026-04-20,Nuwara Eliya,3
2026,17,2026-04-20,Galle,57
2026,17,2026-04-20,Matara,85
2026,17,2026-04-20,Hambantota,25
2026,17,2026-04-20,Jaffna,19
2026,17,2026-04-20,Kilinochchi,1
2026,17,2026-04-20,Mannar,1
2026,17,2026-04-20,Vavuniya,0
2026,17,2026-04-20,Mullaitivu,1
2026,17,2026-04-20,Batticaloa,29
2026,17,2026-04-20,Ampara,36
2026,17,2026-04-20,Trincomalee,24
2026,17,2026-04-20,Kurunegala,41
2026,17,2026-04-20,Puttalam,19
2026,17,2026-04-20,Anuradhapura,4
2026,17,2026-04-20,Polonnaruwa,3
2026,17,2026-04-20,Badulla,9
2026,17,2026-04-20,Monaragala,20
2026,17,2026-04-20,Ratnapura,79
2026,17,2026-04-20,Kegalle,34
2026,18,2026-04-27,Colombo,279
2026,18,2026-04-27,Gampaha,192
2026,18,2026-04-27,Kalutara,121
2026,18,2026-04-27,Kandy,56
2026,18,2026-04-27,Matale,10
2026,18,2026-04-27,Nuwara Eliya,8
2026,18,2026-04-27,Galle,86
2026,18,2026-04-27,Matara,82
2026,18,2026-04-27,Hambantota,54
2026,18,2026-04-27,Jaffna,29
2026,18,2026-04-27,Kilinochchi,3
2026,18,2026-04-27,Mannar,4
2026,18,2026-04-27,Vavuniya,2
2026,18,2026-04-27,Mullaitivu,4
2026,18,2026-04-27,Batticaloa,37
2026,18,2026-04-27,Ampara,40
2026,18,2026-04-27,Trincomalee,26
2026,18,2026-04-27,Kurunegala,36
2026,18,2026-04-27,Puttalam,20
2026,18,2026-04-27,Anuradhapura,15
2026,18,2026-04-27,Polonnaruwa,27
2026,18,2026-04-27,Badulla,20
2026,18,2026-04-27,Monaragala,20
2026,18,2026-04-27,Ratnapura,162
2026,18,2026-04-27,Kegalle,48
2026,19,2026-05-04,Colombo,300
2026,19,2026-05-04,Gampaha,178
2026,19,2026-05-04,Kalutara,112
2026,19,2026-05-04,Kandy,69
2026,19,2026-05-04,Matale,11
2026,19,2026-05-04,Nuwara Eliya,6
2026,19,2026-05-04,Galle,82
2026,19,2026-05-04,Matara,100
2026,19,2026-05-04,Hambantota,31
2026,19,2026-05-04,Jaffna,16
2026,19,2026-05-04,Kilinochchi,1
2026,19,2026-05-04,Mannar,2
2026,19,2026-05-04,Vavuniya,1
2026,19,2026-05-04,Mullaitivu,3
2026,19,2026-05-04,Batticaloa,29
2026,19,2026-05-04,Ampara,41
2026,19,2026-05-04,Trincomalee,9
2026,19,2026-05-04,Kurunegala,36
2026,19,2026-05-04,Puttalam,12
2026,19,2026-05-04,Anuradhapura,10
2026,19,2026-05-04,Polonnaruwa,11
2026,19,2026-05-04,Badulla,18
2026,19,2026-05-04,Monaragala,20
2026,19,2026-05-04,Ratnapura,133
2026,19,2026-05-04,Kegalle,63
2026,20,2026-05-11,Colombo,328
2026,20,2026-05-11,Gampaha,199
2026,20,2026-05-11,Kalutara,123
2026,20,2026-05-11,Kandy,103
2026,20,2026-05-11,Matale,15
2026,20,2026-05-11,Nuwara Eliya,10
2026,20,2026-05-11,Galle,71
2026,20,2026-05-11,Matara,88
2026,20,2026-05-11,Hambantota,24
2026,20,2026-05-11,Jaffna,20
2026,20,2026-05-11,Kilinochchi,1
2026,20,2026-05-11,Mannar,2
2026,20,2026-05-11,Vavuniya,4
2026,20,2026-05-11,Mullaitivu,0
2026,20,2026-05-11,Batticaloa,46
2026,20,2026-05-11,Ampara,46
2026,20,2026-05-11,Trincomalee,35
2026,20,2026-05-11,Kurunegala,56
2026,20,2026-05-11,Puttalam,18
2026,20,2026-05-11,Anuradhapura,12
2026,20,2026-05-11,Polonnaruwa,18
2026,20,2026-05-11,Badulla,13
2026,20,2026-05-11,Monaragala,32
2026,20,2026-05-11,Ratnapura,164
2026,20,2026-05-11,Kegalle,52
2026,21,2026-05-18,Colombo,308
2026,21,2026-05-18,Gampaha,213
2026,21,2026-05-18,Kalutara,157
2026,21,2026-05-18,Kandy,135
2026,21,2026-05-18,Matale,11
2026,21,2026-05-18,Nuwara Eliya,9
2026,21,2026-05-18,Galle,104
2026,21,2026-05-18,Matara,93
2026,21,2026-05-18,Hambantota,58
2026,21,2026-05-18,Jaffna,22
2026,21,2026-05-18,Kilinochchi,2
2026,21,2026-05-18,Mannar,4
2026,21,2026-05-18,Vavuniya,5
2026,21,2026-05-18,Mullaitivu,1
2026,21,2026-05-18,Batticaloa,45
2026,21,2026-05-18,Ampara,29
2026,21,2026-05-18,Trincomalee,20
2026,21,2026-05-18,Kurunegala,45
2026,21,2026-05-18,Puttalam,13
2026,21,2026-05-18,Anuradhapura,7
2026,21,2026-05-18,Polonnaruwa,13
2026,21,2026-05-18,Badulla,20
2026,21,2026-05-18,Monaragala,19
2026,21,2026-05-18,Ratnapura,168
2026,21,2026-05-18,Kegalle,73
2026,22,2026-05-25,Colombo,358
2026,22,2026-05-25,Gampaha,406
2026,22,2026-05-25,Kalutara,181
2026,22,2026-05-25,Kandy,180
2026,22,2026-05-25,Matale,15
2026,22,2026-05-25,Nuwara Eliya,17
2026,22,2026-05-25,Galle,137
2026,22,2026-05-25,Matara,181
2026,22,2026-05-25,Hambantota,53
2026,22,2026-05-25,Jaffna,18
2026,22,2026-05-25,Kilinochchi,6
2026,22,2026-05-25,Mannar,1
2026,22,2026-05-25,Vavuniya,2
2026,22,2026-05-25,Mullaitivu,4
2026,22,2026-05-25,Batticaloa,47
2026,22,2026-05-25,Ampara,41
2026,22,2026-05-25,Trincomalee,25
2026,22,2026-05-25,Kurunegala,43
2026,22,2026-05-25,Puttalam,30
2026,22,2026-05-25,Anuradhapura,13
2026,22,2026-05-25,Polonnaruwa,16
2026,22,2026-05-25,Badulla,19
2026,22,2026-05-25,Monaragala,13
2026,22,2026-05-25,Ratnapura,219
2026,22,2026-05-25,Kegalle,69
2026,23,2026-06-01,Colombo,398
2026,23,2026-06-01,Gampaha,462
2026,23,2026-06-01,Kalutara,243
2026,23,2026-06-01,Kandy,168
2026,23,2026-06-01,Matale,23
2026,23,2026-06-01,Nuwara Eliya,5
2026,23,2026-06-01,Galle,140
2026,23,2026-06-01,Matara,156
2026,23,2026-06-01,Hambantota,31
2026,23,2026-06-01,Jaffna,15
2026,23,2026-06-01,Kilinochchi,1
2026,23,2026-06-01,Mannar,1
2026,23,2026-06-01,Vavuniya,5
2026,23,2026-06-01,Mullaitivu,3
2026,23,2026-06-01,Batticaloa,37
2026,23,2026-06-01,Ampara,23
2026,23,2026-06-01,Trincomalee,21
2026,23,2026-06-01,Kurunegala,51
2026,23,2026-06-01,Puttalam,16
2026,23,2026-06-01,Anuradhapura,8
2026,23,2026-06-01,Polonnaruwa,8
2026,23,2026-06-01,Badulla,23
2026,23,2026-06-01,Monaragala,17
2026,23,2026-06-01,Ratnapura,173
2026,23,2026-06-01,Kegalle,60
2026,24,2026-06-08,Colombo,507
2026,24,2026-06-08,Gampaha,502
2026,24,2026-06-08,Kalutara,318
2026,24,2026-06-08,Kandy,286
2026,24,2026-06-08,Matale,38
2026,24,2026-06-08,Nuwara Eliya,13
2026,24,2026-06-08,Galle,150
2026,24,2026-06-08,Matara,214
2026,24,2026-06-08,Hambantota,100
2026,24,2026-06-08,Jaffna,18
2026,24,2026-06-08,Kilinochchi,4
2026,24,2026-06-08,Mannar,5
2026,24,2026-06-08,Vavuniya,9
2026,24,2026-06-08,Mullaitivu,3
2026,24,2026-06-08,Batticaloa,48
2026,24,2026-06-08,Ampara,28
2026,24,2026-06-08,Trincomalee,38
2026,24,2026-06-08,Kurunegala,100
2026,24,2026-06-08,Puttalam,43
2026,24,2026-06-08,Anuradhapura,24
2026,24,2026-06-08,Polonnaruwa,23
2026,24,2026-06-08,Badulla,36
2026,24,2026-06-08,Monaragala,35
2026,24,2026-06-08,Ratnapura,198
2026,24,2026-06-08,Kegalle,92
2026,25,2026-06-15,Colombo,20
2026,25,2026-06-15,Gampaha,24
2026,25,2026-06-15,Kalutara,53
2026,25,2026-06-15,Kandy,47
2026,25,2026-06-15,Matale,889
2026,25,2026-06-15,Nuwara Eliya,154
2026,25,2026-06-15,Galle,742
2026,25,2026-06-15,Matara,21
2026,25,2026-06-15,Hambantota,119
2026,25,2026-06-15,Jaffna,14
2026,25,2026-06-15,Kilinochchi,419
2026,25,2026-06-15,Mannar,387
2026,25,2026-06-15,Vavuniya,114
2026,25,2026-06-15,Mullaitivu,2
2026,25,2026-06-15,Batticaloa,89
2026,25,2026-06-15,Ampara,10
2026,25,2026-06-15,Trincomalee,39
2026,25,2026-06-15,Kurunegala,423
2026,25,2026-06-15,Puttalam,29
2026,25,2026-06-15,Anuradhapura,3
2026,25,2026-06-15,Polonnaruwa,23
2026,25,2026-06-15,Badulla,34
2026,25,2026-06-15,Monaragala,65
2026,25,2026-06-15,Ratnapura,228
2026,25,2026-06-15,Kegalle,25
2026,26,2026-06-22,Colombo,1138
2026,26,2026-06-22,Gampaha,1294
2026,26,2026-06-22,Kalutara,551
2026,26,2026-06-22,Kandy,472
2026,26,2026-06-22,Matale,49
2026,26,2026-06-22,Nuwara Eliya,66
2026,26,2026-06-22,Galle,281
2026,26,2026-06-22,Matara,449
2026,26,2026-06-22,Hambantota,192
2026,26,2026-06-22,Jaffna,24
2026,26,2026-06-22,Kilinochchi,6
2026,26,2026-06-22,Mannar,5
2026,26,2026-06-22,Vavuniya,8
2026,26,2026-06-22,Mullaitivu,3
2026,26,2026-06-22,Batticaloa,52
2026,26,2026-06-22,Ampara,69
2026,26,2026-06-22,Trincomalee,32
2026,26,2026-06-22,Kurunegala,218
2026,26,2026-06-22,Puttalam,148
2026,26,2026-06-22,Anuradhapura,51
2026,26,2026-06-22,Polonnaruwa,63
2026,26,2026-06-22,Badulla,115
2026,26,2026-06-22,Monaragala,91
2026,26,2026-06-22,Ratnapura,264
2026,26,2026-06-22,Kegalle,187
2026,27,2026-06-29,Colombo,
2026,27,2026-06-29,Gampaha,
2026,27,2026-06-29,Kalutara,
2026,27,2026-06-29,Kandy,
2026,27,2026-06-29,Matale,
2026,27,2026-06-29,Nuwara Eliya,
2026,27,2026-06-29,Galle,
2026,27,2026-06-29,Matara,
2026,27,2026-06-29,Hambantota,
2026,27,2026-06-29,Jaffna,
2026,27,2026-06-29,Kilinochchi,
2026,27,2026-06-29,Mannar,
2026,27,2026-06-29,Vavuniya,
2026,27,2026-06-29,Mullaitivu,
2026,27,2026-06-29,Batticaloa,
2026,27,2026-06-29,Ampara,
2026,27,2026-06-29,Trincomalee,
2026,27,2026-06-29,Kurunegala,
2026,27,2026-06-29,Puttalam,
2026,27,2026-06-29,Anuradhapura,
2026,27,2026-06-29,Polonnaruwa,
2026,27,2026-06-29,Badulla,
2026,27,2026-06-29,Monaragala,
2026,27,2026-06-29,Ratnapura,
2026,27,2026-06-29,Kegalle,
2026,28,2026-07-06,Colombo,
2026,28,2026-07-06,Gampaha,
2026,28,2026-07-06,Kalutara,
2026,28,2026-07-06,Kandy,
2026,28,2026-07-06,Matale,
2026,28,2026-07-06,Nuwara Eliya,
2026,28,2026-07-06,Galle,
2026,28,2026-07-06,Matara,
2026,28,2026-07-06,Hambantota,
2026,28,2026-07-06,Jaffna,
2026,28,2026-07-06,Kilinochchi,
2026,28,2026-07-06,Mannar,
2026,28,2026-07-06,Vavuniya,
2026,28,2026-07-06,Mullaitivu,
2026,28,2026-07-06,Batticaloa,
2026,28,2026-07-06,Ampara,
2026,28,2026-07-06,Trincomalee,
2026,28,2026-07-06,Kurunegala,
2026,28,2026-07-06,Puttalam,
2026,28,2026-07-06,Anuradhapura,
2026,28,2026-07-06,Polonnaruwa,
2026,28,2026-07-06,Badulla,
2026,28,2026-07-06,Monaragala,
2026,28,2026-07-06,Ratnapura,
2026,28,2026-07-06,Kegalle,
2026,29,2026-07-13,Colombo,
2026,29,2026-07-13,Gampaha,
2026,29,2026-07-13,Kalutara,
2026,29,2026-07-13,Kandy,
2026,29,2026-07-13,Matale,
2026,29,2026-07-13,Nuwara Eliya,
2026,29,2026-07-13,Galle,
2026,29,2026-07-13,Matara,
2026,29,2026-07-13,Hambantota,
2026,29,2026-07-13,Jaffna,
2026,29,2026-07-13,Kilinochchi,
2026,29,2026-07-13,Mannar,
2026,29,2026-07-13,Vavuniya,
2026,29,2026-07-13,Mullaitivu,
2026,29,2026-07-13,Batticaloa,
2026,29,2026-07-13,Ampara,
2026,29,2026-07-13,Trincomalee,
2026,29,2026-07-13,Kurunegala,
2026,29,2026-07-13,Puttalam,
2026,29,2026-07-13,Anuradhapura,
2026,29,2026-07-13,Polonnaruwa,
2026,29,2026-07-13,Badulla,
2026,29,2026-07-13,Monaragala,
2026,29,2026-07-13,Ratnapura,
2026,29,2026-07-13,Kegalle,
2026,30,2026-07-20,Colombo,
2026,30,2026-07-20,Gampaha,
2026,30,2026-07-20,Kalutara,
2026,30,2026-07-20,Kandy,
2026,30,2026-07-20,Matale,
2026,30,2026-07-20,Nuwara Eliya,
2026,30,2026-07-20,Galle,
2026,30,2026-07-20,Matara,
2026,30,2026-07-20,Hambantota,
2026,30,2026-07-20,Jaffna,
2026,30,2026-07-20,Kilinochchi,
2026,30,2026-07-20,Mannar,
2026,30,2026-07-20,Vavuniya,
2026,30,2026-07-20,Mullaitivu,
2026,30,2026-07-20,Batticaloa,
2026,30,2026-07-20,Ampara,
2026,30,2026-07-20,Trincomalee,
2026,30,2026-07-20,Kurunegala,
2026,30,2026-07-20,Puttalam,
2026,30,2026-07-20,Anuradhapura,
2026,30,2026-07-20,Polonnaruwa,
2026,30,2026-07-20,Badulla,
2026,30,2026-07-20,Monaragala,
2026,30,2026-07-20,Ratnapura,
2026,30,2026-07-20,Kegalle,
2026,31,2026-07-27,Colombo,
2026,31,2026-07-27,Gampaha,
2026,31,2026-07-27,Kalutara,
2026,31,2026-07-27,Kandy,
2026,31,2026-07-27,Matale,
2026,31,2026-07-27,Nuwara Eliya,
2026,31,2026-07-27,Galle,
2026,31,2026-07-27,Matara,
2026,31,2026-07-27,Hambantota,
2026,31,2026-07-27,Jaffna,
2026,31,2026-07-27,Kilinochchi,
2026,31,2026-07-27,Mannar,
2026,31,2026-07-27,Vavuniya,
2026,31,2026-07-27,Mullaitivu,
2026,31,2026-07-27,Batticaloa,
2026,31,2026-07-27,Ampara,
2026,31,2026-07-27,Trincomalee,
2026,31,2026-07-27,Kurunegala,
2026,31,2026-07-27,Puttalam,
2026,31,2026-07-27,Anuradhapura,
2026,31,2026-07-27,Polonnaruwa,
2026,31,2026-07-27,Badulla,
2026,31,2026-07-27,Monaragala,
2026,31,2026-07-27,Ratnapura,
2026,31,2026-07-27,Kegalle,
2026,32,2026-08-03,Colombo,0
2026,32,2026-08-03,Gampaha,0
2026,32,2026-08-03,Kalutara,0
2026,32,2026-08-03,Kandy,0
2026,32,2026-08-03,Matale,0
2026,32,2026-08-03,Nuwara Eliya,0
2026,32,2026-08-03,Galle,0
2026,32,2026-08-03,Matara,0
2026,32,2026-08-03,Hambantota,0
2026,32,2026-08-03,Jaffna,0
2026,32,2026-08-03,Kilinochchi,0
2026,32,2026-08-03,Mannar,0
2026,32,2026-08-03,Vavuniya,0
2026,32,2026-08-03,Mullaitivu,0
2026,32,2026-08-03,Batticaloa,0
2026,32,2026-08-03,Ampara,0
2026,32,2026-08-03,Trincomalee,0
2026,32,2026-08-03,Kurunegala,0
2026,32,2026-08-03,Puttalam,0
2026,32,2026-08-03,Anuradhapura,0
2026,32,2026-08-03,Polonnaruwa,0
2026,32,2026-08-03,Badulla,0
2026,32,2026-08-03,Monaragala,0
2026,32,2026-08-03,Ratnapura,0
2026,32,2026-08-03,Kegalle,0
