iso_year,iso_week,district,rainfall_mm,avg_temp_c
2025,1,Colombo,31.6,25.6
2025,1,Gampaha,25.6,25.54
2025,1,Kalutara,42.1,24.6
2025,1,Kandy,11.9,22.9
2025,1,Matale,14.7,23.48
2025,1,Nuwara Eliya,74.3,14.74
2025,1,Galle,77,24.68
2025,1,Matara,86.4,24.62
2025,1,Hambantota,77.7,25.32
2025,1,Jaffna,0,25.84
2025,1,Kilinochchi,3.4,25.58
2025,1,Mannar,0.8,27
2025,1,Vavuniya,9.3,24.26
2025,1,Mullaitivu,7,26.36
2025,1,Batticaloa,54.2,26.04
2025,1,Ampara,51.6,24.96
2025,1,Trincomalee,16.4,26.14
2025,1,Kurunegala,4.2,24.76
2025,1,Puttalam,16.3,25.58
2025,1,Anuradhapura,12.5,24.5
2025,1,Polonnaruwa,38.9,24.68
2025,1,Badulla,90.3,20.8
2025,1,Monaragala,40.2,24.16
2025,1,Ratnapura,50.7,24.5
2025,1,Kegalle,9,24.9
2025,2,Colombo,35.1,26.4
2025,2,Gampaha,46.9,25.7285714285714
2025,2,Kalutara,41.5,25.3571428571429
2025,2,Kandy,135.2,23.3285714285714
2025,2,Matale,108,23.7571428571429
2025,2,Nuwara Eliya,93.2,15.1428571428571
2025,2,Galle,59.1,25.4571428571429
2025,2,Matara,67.8,25.1714285714286
2025,2,Hambantota,94.1,25.8285714285714
2025,2,Jaffna,23.9,25.6
2025,2,Kilinochchi,24.7,25.3142857142857
2025,2,Mannar,20.7,26.2571428571429
2025,2,Vavuniya,45.2,24.2142857142857
2025,2,Mullaitivu,24.3,25.7571428571429
2025,2,Batticaloa,85.2,25.4714285714286
2025,2,Ampara,72.8,24.8285714285714
2025,2,Trincomalee,77.8,25.5714285714286
2025,2,Kurunegala,84.8,24.7714285714286
2025,2,Puttalam,49.7,25.3285714285714
2025,2,Anuradhapura,56,24.4
2025,2,Polonnaruwa,124.7,24.7285714285714
2025,2,Badulla,129.2,21.4142857142857
2025,2,Monaragala,91.6,24.3857142857143
2025,2,Ratnapura,57.3,25.5
2025,2,Kegalle,86.9,24.9857142857143
2025,3,Colombo,115.9,25.2857142857143
2025,3,Gampaha,110.3,25.1857142857143
2025,3,Kalutara,92.9,24.9
2025,3,Kandy,96.1,22.6428571428571
2025,3,Matale,120.2,23.4571428571429
2025,3,Nuwara Eliya,151.2,14.6
2025,3,Galle,126.9,24.9571428571429
2025,3,Matara,122.7,25.1571428571429
2025,3,Hambantota,171.1,25.1142857142857
2025,3,Jaffna,39.9,25.6571428571429
2025,3,Kilinochchi,48,25.2428571428571
2025,3,Mannar,60.9,25.8571428571429
2025,3,Vavuniya,57.7,24.1285714285714
2025,3,Mullaitivu,100.6,25.5571428571429
2025,3,Batticaloa,170.5,25.4142857142857
2025,3,Ampara,154,24.4714285714286
2025,3,Trincomalee,88.3,25.4142857142857
2025,3,Kurunegala,90.7,24.2857142857143
2025,3,Puttalam,63.3,25.0285714285714
2025,3,Anuradhapura,85.4,24.2571428571429
2025,3,Polonnaruwa,140.5,24.3142857142857
2025,3,Badulla,196.4,21.0142857142857
2025,3,Monaragala,160,23.4428571428571
2025,3,Ratnapura,93.5,24.5428571428571
2025,3,Kegalle,105.5,24.6571428571429
2025,4,Colombo,62.4,25.3142857142857
2025,4,Gampaha,91.2,25.3428571428571
2025,4,Kalutara,27.7,24.9142857142857
2025,4,Kandy,29.5,23.2428571428571
2025,4,Matale,29.5,23.8571428571429
2025,4,Nuwara Eliya,43.4,14.8428571428571
2025,4,Galle,55.1,24.9428571428571
2025,4,Matara,70.2,25.1714285714286
2025,4,Hambantota,36.1,25.7714285714286
2025,4,Jaffna,7,25.7285714285714
2025,4,Kilinochchi,17.3,25.4714285714286
2025,4,Mannar,11.2,26.2857142857143
2025,4,Vavuniya,34.5,24.5142857142857
2025,4,Mullaitivu,28.4,25.9571428571429
2025,4,Batticaloa,58.1,25.8714285714286
2025,4,Ampara,65.9,25.0428571428571
2025,4,Trincomalee,37,25.9142857142857
2025,4,Kurunegala,37.6,24.6857142857143
2025,4,Puttalam,26,25.2571428571429
2025,4,Anuradhapura,38.1,24.6714285714286
2025,4,Polonnaruwa,51.3,24.7857142857143
2025,4,Badulla,124.9,21.2428571428571
2025,4,Monaragala,50.8,24.2
2025,4,Ratnapura,22.4,25.0428571428571
2025,4,Kegalle,60.3,24.8571428571429
2025,5,Colombo,35.1,25.5714285714286
2025,5,Gampaha,32.7,25.5285714285714
2025,5,Kalutara,16.1,25.3
2025,5,Kandy,4.2,23.4571428571429
2025,5,Matale,14.3,23.9857142857143
2025,5,Nuwara Eliya,23.7,14.6714285714286
2025,5,Galle,52,25.1142857142857
2025,5,Matara,53.3,25.5285714285714
2025,5,Hambantota,64.8,26.0285714285714
2025,5,Jaffna,13.4,25.9571428571429
2025,5,Kilinochchi,9.9,25.8
2025,5,Mannar,15.1,26.5142857142857
2025,5,Vavuniya,14.2,24.9857142857143
2025,5,Mullaitivu,17.9,26.3
2025,5,Batticaloa,41,26.1714285714286
2025,5,Ampara,28.6,25.2285714285714
2025,5,Trincomalee,28.8,26.2428571428571
2025,5,Kurunegala,15.1,25
2025,5,Puttalam,37.9,25.7857142857143
2025,5,Anuradhapura,18.4,25.1142857142857
2025,5,Polonnaruwa,31.2,25.1857142857143
2025,5,Badulla,44.6,21.4714285714286
2025,5,Monaragala,25.9,24.6428571428571
2025,5,Ratnapura,19,25.8142857142857
2025,5,Kegalle,26.2,25.3142857142857
2025,6,Colombo,0.8,26.9
2025,6,Gampaha,1.2,26.3428571428571
2025,6,Kalutara,4.7,25.7857142857143
2025,6,Kandy,0,23.3142857142857
2025,6,Matale,0.5,23.4285714285714
2025,6,Nuwara Eliya,3.7,13.9714285714286
2025,6,Galle,10.3,25.8571428571429
2025,6,Matara,4.4,26.2428571428571
2025,6,Hambantota,1,26.7857142857143
2025,6,Jaffna,0.6,26.0714285714286
2025,6,Kilinochchi,0.3,25.6857142857143
2025,6,Mannar,3,26.8428571428571
2025,6,Vavuniya,0.7,24.7428571428571
2025,6,Mullaitivu,2.2,26.4285714285714
2025,6,Batticaloa,6,26.3857142857143
2025,6,Ampara,3.8,25.4142857142857
2025,6,Trincomalee,4.9,26.4857142857143
2025,6,Kurunegala,0,24.7714285714286
2025,6,Puttalam,0.5,25.8285714285714
2025,6,Anuradhapura,1.5,24.9428571428571
2025,6,Polonnaruwa,5.6,24.9142857142857
2025,6,Badulla,15.3,21.3142857142857
2025,6,Monaragala,0.7,24.8428571428571
2025,6,Ratnapura,2.3,26.0571428571429
2025,6,Kegalle,0.3,25.5285714285714
2025,7,Colombo,1.9,27.7142857142857
2025,7,Gampaha,0.9,27.4
2025,7,Kalutara,2.7,26.2571428571429
2025,7,Kandy,1,23.4285714285714
2025,7,Matale,0.6,23.8285714285714
2025,7,Nuwara Eliya,4.9,15.0714285714286
2025,7,Galle,7.1,26.4571428571429
2025,7,Matara,5.3,26.7428571428571
2025,7,Hambantota,2.1,26.9857142857143
2025,7,Jaffna,0.7,26.1428571428571
2025,7,Kilinochchi,1.6,25.3142857142857
2025,7,Mannar,2,26.4857142857143
2025,7,Vavuniya,1.9,24.7285714285714
2025,7,Mullaitivu,1.6,26.2142857142857
2025,7,Batticaloa,5.3,26.1857142857143
2025,7,Ampara,4.7,25.5857142857143
2025,7,Trincomalee,2,26.1428571428571
2025,7,Kurunegala,1.3,25.7142857142857
2025,7,Puttalam,2.1,26.1
2025,7,Anuradhapura,2.1,25.1571428571429
2025,7,Polonnaruwa,4.1,24.9714285714286
2025,7,Badulla,9.6,21.7142857142857
2025,7,Monaragala,1.6,25.2142857142857
2025,7,Ratnapura,3.7,26.4571428571429
2025,7,Kegalle,0.6,26.2428571428571
2025,8,Colombo,5.4,27.7571428571429
2025,8,Gampaha,2,27.5857142857143
2025,8,Kalutara,6.6,26.1571428571429
2025,8,Kandy,0.9,24.7
2025,8,Matale,1.6,25.2
2025,8,Nuwara Eliya,3.3,15.2714285714286
2025,8,Galle,13.7,26.4285714285714
2025,8,Matara,16,26.7714285714286
2025,8,Hambantota,5.7,27.6
2025,8,Jaffna,0,27.2714285714286
2025,8,Kilinochchi,0,26.0428571428571
2025,8,Mannar,0,27.0428571428571
2025,8,Vavuniya,0,25.6571428571429
2025,8,Mullaitivu,0.1,27.1285714285714
2025,8,Batticaloa,0.9,27.1571428571429
2025,8,Ampara,4.2,26.4714285714286
2025,8,Trincomalee,0,27.1
2025,8,Kurunegala,0.1,27.0571428571429
2025,8,Puttalam,0.1,26.8857142857143
2025,8,Anuradhapura,0,26.1285714285714
2025,8,Polonnaruwa,0.4,26.0428571428571
2025,8,Badulla,6.6,22.4714285714286
2025,8,Monaragala,1.5,26.3142857142857
2025,8,Ratnapura,5.8,26.5428571428571
2025,8,Kegalle,0.2,27.2
2025,9,Colombo,92.9,26.9
2025,9,Gampaha,102.4,26.7571428571429
2025,9,Kalutara,99.2,25.9714285714286
2025,9,Kandy,22.5,24.3
2025,9,Matale,17.5,24.9285714285714
2025,9,Nuwara Eliya,50.5,15.3857142857143
2025,9,Galle,104.4,25.9857142857143
2025,9,Matara,61.2,26
2025,9,Hambantota,63.7,26.7571428571429
2025,9,Jaffna,53,26.6285714285714
2025,9,Kilinochchi,64,26.1142857142857
2025,9,Mannar,35.4,26.8285714285714
2025,9,Vavuniya,38.8,25.2571428571429
2025,9,Mullaitivu,87.7,26.2857142857143
2025,9,Batticaloa,117.7,26.2714285714286
2025,9,Ampara,141.3,25.5142857142857
2025,9,Trincomalee,132.8,26.2714285714286
2025,9,Kurunegala,33.2,26.4571428571429
2025,9,Puttalam,54.6,26.7
2025,9,Anuradhapura,45.5,25.5
2025,9,Polonnaruwa,91.5,25.2857142857143
2025,9,Badulla,116.7,21.9857142857143
2025,9,Monaragala,116.9,24.7857142857143
2025,9,Ratnapura,92.5,25.8857142857143
2025,9,Kegalle,65.4,26.4428571428571
2025,10,Colombo,8.1,26.8428571428571
2025,10,Gampaha,3.9,26.6
2025,10,Kalutara,29.3,26.2
2025,10,Kandy,0.7,23.9285714285714
2025,10,Matale,0.8,25.2142857142857
2025,10,Nuwara Eliya,2.8,15.0428571428571
2025,10,Galle,11.3,26.2
2025,10,Matara,14.8,26.2428571428571
2025,10,Hambantota,25.6,26.7142857142857
2025,10,Jaffna,0.5,27.2
2025,10,Kilinochchi,0.2,26.5571428571429
2025,10,Mannar,0.5,27.1428571428571
2025,10,Vavuniya,0.3,25.9857142857143
2025,10,Mullaitivu,0.1,26.8571428571429
2025,10,Batticaloa,0.5,26.5
2025,10,Ampara,3,26.1428571428571
2025,10,Trincomalee,0.4,26.5714285714286
2025,10,Kurunegala,0.5,26.7
2025,10,Puttalam,5.9,26.9428571428571
2025,10,Anuradhapura,0.3,26.3571428571429
2025,10,Polonnaruwa,0.7,25.8714285714286
2025,10,Badulla,4.4,22.2714285714286
2025,10,Monaragala,3.9,25.2571428571429
2025,10,Ratnapura,18.2,26.4285714285714
2025,10,Kegalle,1.4,26.5142857142857
2025,11,Colombo,35.1,26.9428571428571
2025,11,Gampaha,55.4,26.5285714285714
2025,11,Kalutara,31.7,26.3428571428571
2025,11,Kandy,46.2,24.1
2025,11,Matale,74.2,24.8142857142857
2025,11,Nuwara Eliya,47.1,15.7
2025,11,Galle,49.8,26.0714285714286
2025,11,Matara,37.7,26.1285714285714
2025,11,Hambantota,45.5,26.6571428571429
2025,11,Jaffna,44.3,27.3285714285714
2025,11,Kilinochchi,51.4,26.8285714285714
2025,11,Mannar,36.5,27.3
2025,11,Vavuniya,61.1,25.8857142857143
2025,11,Mullaitivu,49.5,27.0714285714286
2025,11,Batticaloa,75.7,26.7571428571429
2025,11,Ampara,94.4,26.2285714285714
2025,11,Trincomalee,48,26.7714285714286
2025,11,Kurunegala,50.5,26.0571428571429
2025,11,Puttalam,64.2,26.5714285714286
2025,11,Anuradhapura,55.5,26.0571428571429
2025,11,Polonnaruwa,71.3,25.8857142857143
2025,11,Badulla,51,22.6428571428571
2025,11,Monaragala,63.2,25.2714285714286
2025,11,Ratnapura,24.1,26.4
2025,11,Kegalle,45.1,25.8571428571429
2025,12,Colombo,15,27.2142857142857
2025,12,Gampaha,50,26.5571428571429
2025,12,Kalutara,34,26.2
2025,12,Kandy,11.4,24.6571428571429
2025,12,Matale,31.4,25.3571428571429
2025,12,Nuwara Eliya,18.8,15.9714285714286
2025,12,Galle,59.1,26.3714285714286
2025,12,Matara,44.9,26.5142857142857
2025,12,Hambantota,44.3,27.3142857142857
2025,12,Jaffna,9.1,28.4571428571429
2025,12,Kilinochchi,14.6,27.9428571428571
2025,12,Mannar,7.7,28.1714285714286
2025,12,Vavuniya,16.2,26.9142857142857
2025,12,Mullaitivu,6.7,28.0428571428571
2025,12,Batticaloa,14.3,27.9142857142857
2025,12,Ampara,19.5,27.3285714285714
2025,12,Trincomalee,14.1,27.8857142857143
2025,12,Kurunegala,24,26.3285714285714
2025,12,Puttalam,29.3,27.1428571428571
2025,12,Anuradhapura,43.7,26.9428571428571
2025,12,Polonnaruwa,24.3,26.9571428571429
2025,12,Badulla,35.4,22.7142857142857
2025,12,Monaragala,40,25.7857142857143
2025,12,Ratnapura,22,26.4571428571429
2025,12,Kegalle,25.3,26.0428571428571
2025,13,Colombo,11.3,28.2142857142857
2025,13,Gampaha,26.2,27.1428571428571
2025,13,Kalutara,12.7,26.9142857142857
2025,13,Kandy,25,25.0714285714286
2025,13,Matale,6.3,26.4142857142857
2025,13,Nuwara Eliya,17.7,15.8857142857143
2025,13,Galle,27.9,26.7714285714286
2025,13,Matara,49.7,26.6142857142857
2025,13,Hambantota,13,27.4
2025,13,Jaffna,1.4,28.4857142857143
2025,13,Kilinochchi,0.2,28
2025,13,Mannar,1.3,28.5142857142857
2025,13,Vavuniya,0.6,27.6428571428571
2025,13,Mullaitivu,1,27.8285714285714
2025,13,Batticaloa,15,27.4428571428571
2025,13,Ampara,28.7,26.9571428571429
2025,13,Trincomalee,4.7,27.5857142857143
2025,13,Kurunegala,9.7,27.5857142857143
2025,13,Puttalam,9.4,27.7714285714286
2025,13,Anuradhapura,1.1,27.7285714285714
2025,13,Polonnaruwa,20.2,27.3571428571429
2025,13,Badulla,22.6,22.9714285714286
2025,13,Monaragala,48.2,25.6
2025,13,Ratnapura,36.1,26.5571428571429
2025,13,Kegalle,16.1,26.7714285714286
2025,14,Colombo,53.6,27.3142857142857
2025,14,Gampaha,89.9,26.7
2025,14,Kalutara,69.4,26.1142857142857
2025,14,Kandy,60.4,23.9857142857143
2025,14,Matale,125.6,25
2025,14,Nuwara Eliya,79,16.0285714285714
2025,14,Galle,94.1,26.0857142857143
2025,14,Matara,91.9,26.0428571428571
2025,14,Hambantota,48.6,26.5428571428571
2025,14,Jaffna,38.4,28.1285714285714
2025,14,Kilinochchi,47.1,27.4857142857143
2025,14,Mannar,23.7,27.8428571428571
2025,14,Vavuniya,72.6,26.5428571428571
2025,14,Mullaitivu,27.6,27.5714285714286
2025,14,Batticaloa,82.4,27.2428571428571
2025,14,Ampara,110.7,26.5
2025,14,Trincomalee,42.2,27.2142857142857
2025,14,Kurunegala,88,26.0285714285714
2025,14,Puttalam,67.5,26.7857142857143
2025,14,Anuradhapura,88.9,26.6
2025,14,Polonnaruwa,111.7,26.5285714285714
2025,14,Badulla,74.8,22.5428571428571
2025,14,Monaragala,83.5,24.7428571428571
2025,14,Ratnapura,101.9,26.0571428571429
2025,14,Kegalle,85.4,25.8428571428571
2025,15,Colombo,55.2,26.5714285714286
2025,15,Gampaha,53,26.0571428571429
2025,15,Kalutara,71.4,26
2025,15,Kandy,27.7,23.7857142857143
2025,15,Matale,24.2,25.1
2025,15,Nuwara Eliya,28.5,16.2
2025,15,Galle,75.6,26.1
2025,15,Matara,92.3,26.0571428571429
2025,15,Hambantota,46,27.2285714285714
2025,15,Jaffna,10.1,29.3
2025,15,Kilinochchi,7.3,28.5714285714286
2025,15,Mannar,8.3,29.1714285714286
2025,15,Vavuniya,9.1,27.2428571428571
2025,15,Mullaitivu,9.6,28.5571428571429
2025,15,Batticaloa,46.4,27.7142857142857
2025,15,Ampara,67.5,26.9571428571429
2025,15,Trincomalee,20.4,28.0428571428571
2025,15,Kurunegala,24,26.0285714285714
2025,15,Puttalam,24.5,27.3714285714286
2025,15,Anuradhapura,18.6,27.0571428571429
2025,15,Polonnaruwa,33.4,27.6
2025,15,Badulla,19.8,23.1285714285714
2025,15,Monaragala,47.5,25.3285714285714
2025,15,Ratnapura,117.6,25.6428571428571
2025,15,Kegalle,54.7,25.6571428571429
2025,16,Colombo,13.7,28.1714285714286
2025,16,Gampaha,18.2,27.5285714285714
2025,16,Kalutara,16.9,27.1428571428571
2025,16,Kandy,30.2,24.0428571428571
2025,16,Matale,32.3,25.8
2025,16,Nuwara Eliya,36.8,16.3857142857143
2025,16,Galle,19.3,27.3857142857143
2025,16,Matara,25.8,27.4
2025,16,Hambantota,13.1,28.1857142857143
2025,16,Jaffna,3,29.8857142857143
2025,16,Kilinochchi,2.7,29.4714285714286
2025,16,Mannar,5.5,29.4714285714286
2025,16,Vavuniya,12.2,28.3428571428571
2025,16,Mullaitivu,4.6,28.9428571428571
2025,16,Batticaloa,23.4,28.3714285714286
2025,16,Ampara,23,27.7714285714286
2025,16,Trincomalee,15.7,28.3857142857143
2025,16,Kurunegala,23.7,27.4857142857143
2025,16,Puttalam,18,28.7571428571429
2025,16,Anuradhapura,16.4,28.3857142857143
2025,16,Polonnaruwa,17.2,27.9428571428571
2025,16,Badulla,9.8,23.5285714285714
2025,16,Monaragala,59.8,25.9857142857143
2025,16,Ratnapura,32,26.7
2025,16,Kegalle,22.7,26.7142857142857
2025,17,Colombo,27.4,27.6142857142857
2025,17,Gampaha,33.4,27.2571428571429
2025,17,Kalutara,31.4,26.7428571428571
2025,17,Kandy,21.1,24.1571428571429
2025,17,Matale,54.4,25.5571428571429
2025,17,Nuwara Eliya,46.4,16.2142857142857
2025,17,Galle,17.7,27.5571428571429
2025,17,Matara,21.6,27.3428571428571
2025,17,Hambantota,8.2,28.4714285714286
2025,17,Jaffna,11.5,29.3428571428571
2025,17,Kilinochchi,25.1,28.5857142857143
2025,17,Mannar,4.5,29.2285714285714
2025,17,Vavuniya,38.4,27.4571428571429
2025,17,Mullaitivu,37.4,28.3142857142857
2025,17,Batticaloa,36.3,28.0285714285714
2025,17,Ampara,59.9,27.3142857142857
2025,17,Trincomalee,77.1,27.6714285714286
2025,17,Kurunegala,39.7,26.8857142857143
2025,17,Puttalam,18.5,28.4857142857143
2025,17,Anuradhapura,60.8,27.6
2025,17,Polonnaruwa,54.7,27.3857142857143
2025,17,Badulla,30,23.1857142857143
2025,17,Monaragala,50.8,25.8714285714286
2025,17,Ratnapura,70.7,26.4714285714286
2025,17,Kegalle,30.8,26.8285714285714
2025,18,Colombo,46.5,27.5142857142857
2025,18,Gampaha,52.3,27.2
2025,18,Kalutara,63,26.6
2025,18,Kandy,28.1,24.1285714285714
2025,18,Matale,47.6,25.4428571428571
2025,18,Nuwara Eliya,47.2,16.4285714285714
2025,18,Galle,64.8,26.7428571428571
2025,18,Matara,82.7,26.5714285714286
2025,18,Hambantota,31.2,27.7
2025,18,Jaffna,21.7,29.0571428571429
2025,18,Kilinochchi,36.3,28.5
2025,18,Mannar,10.3,29.1571428571429
2025,18,Vavuniya,72.7,27.3285714285714
2025,18,Mullaitivu,51.6,28.0428571428571
2025,18,Batticaloa,49.9,27.7
2025,18,Ampara,62.8,26.9857142857143
2025,18,Trincomalee,57.5,27.6142857142857
2025,18,Kurunegala,48.5,26.5428571428571
2025,18,Puttalam,34.7,28.3142857142857
2025,18,Anuradhapura,50.5,27.2857142857143
2025,18,Polonnaruwa,102.3,27.2285714285714
2025,18,Badulla,44.2,23.4285714285714
2025,18,Monaragala,44.4,25.5571428571429
2025,18,Ratnapura,82.1,26.2714285714286
2025,18,Kegalle,31.8,26.5857142857143
2025,19,Colombo,31.1,27.9571428571429
2025,19,Gampaha,33.1,27.5
2025,19,Kalutara,39.4,27.3714285714286
2025,19,Kandy,10.6,24.5285714285714
2025,19,Matale,17.5,26.0571428571429
2025,19,Nuwara Eliya,17.3,16.9857142857143
2025,19,Galle,28.9,27.5142857142857
2025,19,Matara,29.5,27.4428571428571
2025,19,Hambantota,11.3,28.8571428571429
2025,19,Jaffna,9.6,29.6285714285714
2025,19,Kilinochchi,8.5,29.4857142857143
2025,19,Mannar,1.5,30.0428571428571
2025,19,Vavuniya,15.6,28.3714285714286
2025,19,Mullaitivu,10.1,28.9857142857143
2025,19,Batticaloa,16.1,28.7714285714286
2025,19,Ampara,17.4,28.0428571428571
2025,19,Trincomalee,26.6,28.6571428571429
2025,19,Kurunegala,16.4,27.5
2025,19,Puttalam,16.4,29.5285714285714
2025,19,Anuradhapura,29.7,28.2285714285714
2025,19,Polonnaruwa,30.3,28.3428571428571
2025,19,Badulla,4.5,24.5142857142857
2025,19,Monaragala,14,26.7428571428571
2025,19,Ratnapura,50.5,26.7
2025,19,Kegalle,27.1,27.2285714285714
2025,20,Colombo,54.9,27.8
2025,20,Gampaha,66.1,27.1857142857143
2025,20,Kalutara,67.2,27.1142857142857
2025,20,Kandy,33.2,24.2428571428571
2025,20,Matale,29.4,25.4714285714286
2025,20,Nuwara Eliya,9.3,16.9428571428571
2025,20,Galle,36.1,27.4857142857143
2025,20,Matara,22,27.7428571428571
2025,20,Hambantota,3.1,29.6857142857143
2025,20,Jaffna,25.7,29.8
2025,20,Kilinochchi,17.2,29.6857142857143
2025,20,Mannar,43.8,29.8857142857143
2025,20,Vavuniya,29,28.5857142857143
2025,20,Mullaitivu,21.8,29.3857142857143
2025,20,Batticaloa,46.6,28.9571428571429
2025,20,Ampara,34.1,28.2714285714286
2025,20,Trincomalee,19.2,29
2025,20,Kurunegala,22.6,27.1
2025,20,Puttalam,44.5,29.6714285714286
2025,20,Anuradhapura,19.9,28.4285714285714
2025,20,Polonnaruwa,2.2,29.2142857142857
2025,20,Badulla,2.8,24.7571428571429
2025,20,Monaragala,11.2,27
2025,20,Ratnapura,79.2,26.4142857142857
2025,20,Kegalle,48.6,26.7285714285714
2025,21,Colombo,102.4,27.5428571428571
2025,21,Gampaha,96.3,26.8714285714286
2025,21,Kalutara,90.9,27.0571428571429
2025,21,Kandy,18.4,24.5142857142857
2025,21,Matale,33.1,25.1857142857143
2025,21,Nuwara Eliya,17.1,16.5428571428571
2025,21,Galle,78.9,27.2857142857143
2025,21,Matara,57.5,27.1428571428571
2025,21,Hambantota,12.5,28.4857142857143
2025,21,Jaffna,6.9,29.4428571428571
2025,21,Kilinochchi,5.3,29.3285714285714
2025,21,Mannar,27.4,29.3857142857143
2025,21,Vavuniya,12.3,28.5142857142857
2025,21,Mullaitivu,9.3,29.6714285714286
2025,21,Batticaloa,9.9,29.3857142857143
2025,21,Ampara,18.7,28.3857142857143
2025,21,Trincomalee,3.4,29.1714285714286
2025,21,Kurunegala,36.6,26.1857142857143
2025,21,Puttalam,28.7,28.6857142857143
2025,21,Anuradhapura,10.3,28.0428571428571
2025,21,Polonnaruwa,0.9,29.1714285714286
2025,21,Badulla,21.6,25.3857142857143
2025,21,Monaragala,4.5,26.9857142857143
2025,21,Ratnapura,106.2,26.2142857142857
2025,21,Kegalle,45.6,26.0142857142857
2025,22,Colombo,71.9,27.8285714285714
2025,22,Gampaha,81.5,27.4714285714286
2025,22,Kalutara,75,27.4285714285714
2025,22,Kandy,52.3,23.9571428571429
2025,22,Matale,86.1,24.4428571428571
2025,22,Nuwara Eliya,88.9,15.9142857142857
2025,22,Galle,72,27.2428571428571
2025,22,Matara,52.5,27.1
2025,22,Hambantota,16.1,28.1571428571429
2025,22,Jaffna,38.4,29.3142857142857
2025,22,Kilinochchi,4,29.6142857142857
2025,22,Mannar,6.3,29.2285714285714
2025,22,Vavuniya,7.1,29.3857142857143
2025,22,Mullaitivu,3.8,30.3428571428571
2025,22,Batticaloa,7.8,30.3142857142857
2025,22,Ampara,6.8,29.0142857142857
2025,22,Trincomalee,4.3,29.9857142857143
2025,22,Kurunegala,63.6,25.7571428571429
2025,22,Puttalam,16.5,28.7285714285714
2025,22,Anuradhapura,11.1,28.7571428571429
2025,22,Polonnaruwa,3.5,29.0428571428571
2025,22,Badulla,5.2,26.4714285714286
2025,22,Monaragala,8.8,27.2142857142857
2025,22,Ratnapura,122.2,25.9142857142857
2025,22,Kegalle,90.6,25.5
2025,23,Colombo,28.7,27.8
2025,23,Gampaha,29.3,27.2428571428571
2025,23,Kalutara,30.9,27.5142857142857
2025,23,Kandy,7.3,24.3285714285714
2025,23,Matale,13.6,25.7142857142857
2025,23,Nuwara Eliya,3.3,16.5
2025,23,Galle,29,27.6428571428571
2025,23,Matara,10.4,27.6142857142857
2025,23,Hambantota,2.5,29.5714285714286
2025,23,Jaffna,4.8,29.5571428571429
2025,23,Kilinochchi,0.7,29.7571428571429
2025,23,Mannar,0.2,29.2142857142857
2025,23,Vavuniya,4.6,29.2857142857143
2025,23,Mullaitivu,5,30.2428571428571
2025,23,Batticaloa,12.7,29.5571428571429
2025,23,Ampara,2.9,28.9571428571429
2025,23,Trincomalee,3.8,30.0285714285714
2025,23,Kurunegala,5.2,27.0571428571429
2025,23,Puttalam,5.3,28.9571428571429
2025,23,Anuradhapura,2.3,28.6428571428571
2025,23,Polonnaruwa,3.4,30.0142857142857
2025,23,Badulla,9.4,25.8285714285714
2025,23,Monaragala,10.3,28.4428571428571
2025,23,Ratnapura,32.2,26.9714285714286
2025,23,Kegalle,12.4,26.9142857142857
2025,24,Colombo,148.7,26.6428571428571
2025,24,Gampaha,218.3,25.9428571428571
2025,24,Kalutara,146.7,26.0714285714286
2025,24,Kandy,84.6,23.3428571428571
2025,24,Matale,93.6,23.8142857142857
2025,24,Nuwara Eliya,95.1,15.6857142857143
2025,24,Galle,151.4,26.2571428571429
2025,24,Matara,91.7,26.0714285714286
2025,24,Hambantota,18.8,27.5285714285714
2025,24,Jaffna,5.6,29.0857142857143
2025,24,Kilinochchi,3.1,29.2714285714286
2025,24,Mannar,7.4,28.6571428571429
2025,24,Vavuniya,9.9,28.8
2025,24,Mullaitivu,3.4,29.8714285714286
2025,24,Batticaloa,9.8,29.9571428571429
2025,24,Ampara,15.9,28.8285714285714
2025,24,Trincomalee,4.4,29.2571428571429
2025,24,Kurunegala,119.5,24.6714285714286
2025,24,Puttalam,50.8,28.1142857142857
2025,24,Anuradhapura,18.8,27.6285714285714
2025,24,Polonnaruwa,5.6,28.6
2025,24,Badulla,26.8,26.0142857142857
2025,24,Monaragala,3.4,27.2571428571429
2025,24,Ratnapura,265.1,24.9142857142857
2025,24,Kegalle,199,24.4714285714286
2025,25,Colombo,58.6,27.1142857142857
2025,25,Gampaha,54.8,26.5714285714286
2025,25,Kalutara,53.9,26.6571428571429
2025,25,Kandy,24,24.0571428571429
2025,25,Matale,35.6,24.6571428571429
2025,25,Nuwara Eliya,15.8,15.7857142857143
2025,25,Galle,49.2,26.8285714285714
2025,25,Matara,29,26.7
2025,25,Hambantota,4.9,28.3
2025,25,Jaffna,9.7,29.0714285714286
2025,25,Kilinochchi,3.4,29.5857142857143
2025,25,Mannar,4.8,28.6
2025,25,Vavuniya,3.9,29.2857142857143
2025,25,Mullaitivu,2.8,30.4142857142857
2025,25,Batticaloa,18.7,29.6
2025,25,Ampara,8.9,28.8428571428571
2025,25,Trincomalee,1.9,29.8142857142857
2025,25,Kurunegala,28.7,25.7
2025,25,Puttalam,10.8,28.2571428571429
2025,25,Anuradhapura,2.9,28.2142857142857
2025,25,Polonnaruwa,2,29.2857142857143
2025,25,Badulla,13.8,25.2571428571429
2025,25,Monaragala,7.2,27.8285714285714
2025,25,Ratnapura,72.2,25.9428571428571
2025,25,Kegalle,53,25.6571428571429
2025,26,Colombo,62.5,26.8857142857143
2025,26,Gampaha,75.3,26.4
2025,26,Kalutara,63.5,26.3857142857143
2025,26,Kandy,16,24.1714285714286
2025,26,Matale,31,24.7714285714286
2025,26,Nuwara Eliya,9.6,15.8142857142857
2025,26,Galle,47.3,26.7
2025,26,Matara,37.5,26.8
2025,26,Hambantota,14.2,28.8857142857143
2025,26,Jaffna,5.6,29.2714285714286
2025,26,Kilinochchi,1.1,29.6857142857143
2025,26,Mannar,1.7,28.7
2025,26,Vavuniya,3.3,29.5142857142857
2025,26,Mullaitivu,1.7,30.2285714285714
2025,26,Batticaloa,10.4,30.2142857142857
2025,26,Ampara,2.6,29.2428571428571
2025,26,Trincomalee,2,30.3142857142857
2025,26,Kurunegala,22.9,25.9428571428571
2025,26,Puttalam,10.9,28.4857142857143
2025,26,Anuradhapura,2.9,28.7285714285714
2025,26,Polonnaruwa,1.8,29.8142857142857
2025,26,Badulla,21.7,25.6
2025,26,Monaragala,13.6,28.0571428571429
2025,26,Ratnapura,71.2,25.8285714285714
2025,26,Kegalle,39.4,25.7857142857143
2025,27,Colombo,24.3,27.6571428571429
2025,27,Gampaha,22.4,27.1714285714286
2025,27,Kalutara,32.7,27.3428571428571
2025,27,Kandy,7.9,24.8571428571429
2025,27,Matale,28.3,25.3428571428571
2025,27,Nuwara Eliya,3.8,15.8428571428571
2025,27,Galle,39.3,27.3571428571429
2025,27,Matara,15.9,27.4714285714286
2025,27,Hambantota,1.7,29.5857142857143
2025,27,Jaffna,0.7,29.5714285714286
2025,27,Kilinochchi,0.1,29.8285714285714
2025,27,Mannar,0.9,29.1
2025,27,Vavuniya,0.8,29.8714285714286
2025,27,Mullaitivu,1,30.4571428571429
2025,27,Batticaloa,3,30.4857142857143
2025,27,Ampara,3,29.7714285714286
2025,27,Trincomalee,0.4,30.8142857142857
2025,27,Kurunegala,13.1,26.7857142857143
2025,27,Puttalam,0.5,28.9285714285714
2025,27,Anuradhapura,1,29.2428571428571
2025,27,Polonnaruwa,0.1,30.2285714285714
2025,27,Badulla,4.2,25.9714285714286
2025,27,Monaragala,3,29.4571428571429
2025,27,Ratnapura,63.8,26.5428571428571
2025,27,Kegalle,19.3,26.7142857142857
2025,28,Colombo,30,28.2571428571429
2025,28,Gampaha,31.5,27.5428571428571
2025,28,Kalutara,37.7,27.6285714285714
2025,28,Kandy,13.6,24.8571428571429
2025,28,Matale,23.6,25.3571428571429
2025,28,Nuwara Eliya,11.3,16.0857142857143
2025,28,Galle,30.6,27.6571428571429
2025,28,Matara,10.6,27.9714285714286
2025,28,Hambantota,1.8,29.9857142857143
2025,28,Jaffna,6.1,29.9571428571429
2025,28,Kilinochchi,2.8,30.2857142857143
2025,28,Mannar,1,29.3428571428571
2025,28,Vavuniya,2.8,30.1428571428571
2025,28,Mullaitivu,7.1,30.2285714285714
2025,28,Batticaloa,4,30.3714285714286
2025,28,Ampara,2.9,29.8142857142857
2025,28,Trincomalee,8.3,30.4142857142857
2025,28,Kurunegala,10.3,27.0714285714286
2025,28,Puttalam,0.2,29.4571428571429
2025,28,Anuradhapura,5.6,29.7857142857143
2025,28,Polonnaruwa,3.7,30.2714285714286
2025,28,Badulla,8.5,26.4285714285714
2025,28,Monaragala,7.7,29.1285714285714
2025,28,Ratnapura,58,26.4857142857143
2025,28,Kegalle,20.9,26.7
2025,29,Colombo,110.1,26.9142857142857
2025,29,Gampaha,90.6,26.5857142857143
2025,29,Kalutara,110.5,26.3
2025,29,Kandy,75.8,23.4
2025,29,Matale,79.5,23.9285714285714
2025,29,Nuwara Eliya,105.5,15.0857142857143
2025,29,Galle,126.6,26.1714285714286
2025,29,Matara,60.4,26.1857142857143
2025,29,Hambantota,13.6,28.0428571428571
2025,29,Jaffna,6.9,29.7285714285714
2025,29,Kilinochchi,8.9,29.5714285714286
2025,29,Mannar,4.2,29.0142857142857
2025,29,Vavuniya,8.3,29.2571428571429
2025,29,Mullaitivu,13.5,29.7857142857143
2025,29,Batticaloa,13.7,29.8285714285714
2025,29,Ampara,14.9,29.5142857142857
2025,29,Trincomalee,28.3,29.5714285714286
2025,29,Kurunegala,73.1,25.5571428571429
2025,29,Puttalam,5.7,28.2714285714286
2025,29,Anuradhapura,7.5,28.6
2025,29,Polonnaruwa,2.5,29.0428571428571
2025,29,Badulla,21.6,25.6857142857143
2025,29,Monaragala,32.4,27.3714285714286
2025,29,Ratnapura,186,25
2025,29,Kegalle,95.3,24.9285714285714
2025,30,Colombo,95.5,26.1714285714286
2025,30,Gampaha,89.1,25.8142857142857
2025,30,Kalutara,62.8,25.8571428571429
2025,30,Kandy,75.7,23.1
2025,30,Matale,85.5,23.5428571428571
2025,30,Nuwara Eliya,100.4,14.9142857142857
2025,30,Galle,94.3,25.9571428571429
2025,30,Matara,31.5,26.0857142857143
2025,30,Hambantota,17.6,27.7571428571429
2025,30,Jaffna,9,28.6
2025,30,Kilinochchi,2.5,28.7428571428571
2025,30,Mannar,1.6,27.9428571428571
2025,30,Vavuniya,3,28.6857142857143
2025,30,Mullaitivu,1.1,29.6428571428571
2025,30,Batticaloa,4.3,29.6714285714286
2025,30,Ampara,9.3,29.1142857142857
2025,30,Trincomalee,2.4,29.4428571428571
2025,30,Kurunegala,71,24.5714285714286
2025,30,Puttalam,15.3,27.3857142857143
2025,30,Anuradhapura,6.2,27.9857142857143
2025,30,Polonnaruwa,2.4,28.3
2025,30,Badulla,15.2,25
2025,30,Monaragala,11.1,26.8142857142857
2025,30,Ratnapura,138.5,25.2285714285714
2025,30,Kegalle,121.9,24.4285714285714
2025,31,Colombo,33.2,26.7142857142857
2025,31,Gampaha,32,26.5142857142857
2025,31,Kalutara,48.9,26.3285714285714
2025,31,Kandy,15.3,23.8857142857143
2025,31,Matale,25,25.0857142857143
2025,31,Nuwara Eliya,17.2,16.3285714285714
2025,31,Galle,37,26.5571428571429
2025,31,Matara,13.5,26.9428571428571
2025,31,Hambantota,28.4,28.8428571428571
2025,31,Jaffna,22,29.1
2025,31,Kilinochchi,7.1,29.5142857142857
2025,31,Mannar,1.6,28.6142857142857
2025,31,Vavuniya,25.9,29.0571428571429
2025,31,Mullaitivu,21.9,28.8285714285714
2025,31,Batticaloa,56.6,28.9571428571429
2025,31,Ampara,29.6,29.0714285714286
2025,31,Trincomalee,28.6,29
2025,31,Kurunegala,22.7,26.1
2025,31,Puttalam,4.8,28.5
2025,31,Anuradhapura,12.3,28.8857142857143
2025,31,Polonnaruwa,40.9,29.5
2025,31,Badulla,13.2,25.3
2025,31,Monaragala,25.2,27.9857142857143
2025,31,Ratnapura,50,26.3285714285714
2025,31,Kegalle,24.3,26.0857142857143
2025,32,Colombo,23.6,26.6714285714286
2025,32,Gampaha,31,26.3142857142857
2025,32,Kalutara,20.8,26.4285714285714
2025,32,Kandy,6.6,23.7285714285714
2025,32,Matale,17.6,24.7571428571429
2025,32,Nuwara Eliya,10.8,15.5857142857143
2025,32,Galle,33,26.5142857142857
2025,32,Matara,12.7,26.7428571428571
2025,32,Hambantota,3.9,28.1428571428571
2025,32,Jaffna,23,28.3
2025,32,Kilinochchi,11,28.5285714285714
2025,32,Mannar,6.9,28
2025,32,Vavuniya,28.4,28.1428571428571
2025,32,Mullaitivu,39.9,27.9714285714286
2025,32,Batticaloa,38.9,28.4428571428571
2025,32,Ampara,9.9,28.3428571428571
2025,32,Trincomalee,33.3,28.3714285714286
2025,32,Kurunegala,9.8,26.0428571428571
2025,32,Puttalam,6.8,27.8857142857143
2025,32,Anuradhapura,15.8,27.8
2025,32,Polonnaruwa,15.2,28.9714285714286
2025,32,Badulla,25.1,24.3142857142857
2025,32,Monaragala,15.7,27.6285714285714
2025,32,Ratnapura,38.7,26.0285714285714
2025,32,Kegalle,19.6,25.9142857142857
2025,33,Colombo,42.1,26.4428571428571
2025,33,Gampaha,67.4,26.0285714285714
2025,33,Kalutara,42.2,26.2142857142857
2025,33,Kandy,29,23.0428571428571
2025,33,Matale,40.1,23.7428571428571
2025,33,Nuwara Eliya,37.5,14.9142857142857
2025,33,Galle,53,26.3285714285714
2025,33,Matara,33.4,26.3857142857143
2025,33,Hambantota,5.6,28.1285714285714
2025,33,Jaffna,23.4,27.9571428571429
2025,33,Kilinochchi,3.7,28.4142857142857
2025,33,Mannar,3.4,27.8142857142857
2025,33,Vavuniya,5.3,28.3142857142857
2025,33,Mullaitivu,9.8,28.6857142857143
2025,33,Batticaloa,3,29.1714285714286
2025,33,Ampara,2.3,29.2142857142857
2025,33,Trincomalee,3,28.8857142857143
2025,33,Kurunegala,29.5,25.2714285714286
2025,33,Puttalam,21.3,27.6571428571429
2025,33,Anuradhapura,3.1,27.9428571428571
2025,33,Polonnaruwa,2.5,28.8714285714286
2025,33,Badulla,8.2,25.3
2025,33,Monaragala,3.9,28.1571428571429
2025,33,Ratnapura,88.6,24.9428571428571
2025,33,Kegalle,47.7,24.8714285714286
2025,34,Colombo,12.9,26.9857142857143
2025,34,Gampaha,21.8,26.5428571428571
2025,34,Kalutara,19.5,26.5142857142857
2025,34,Kandy,7.7,24.2714285714286
2025,34,Matale,7.6,25.2428571428571
2025,34,Nuwara Eliya,10.4,15.7571428571429
2025,34,Galle,16.9,26.7857142857143
2025,34,Matara,18.2,27.0857142857143
2025,34,Hambantota,4.3,28.9
2025,34,Jaffna,3.8,28.5714285714286
2025,34,Kilinochchi,5.4,29.0428571428571
2025,34,Mannar,1.2,28.1714285714286
2025,34,Vavuniya,4.2,29.4142857142857
2025,34,Mullaitivu,2.7,28.8285714285714
2025,34,Batticaloa,3.6,29.1
2025,34,Ampara,6.3,29.6142857142857
2025,34,Trincomalee,1.1,29.2857142857143
2025,34,Kurunegala,8.8,26.9
2025,34,Puttalam,5.2,28.3285714285714
2025,34,Anuradhapura,7,29.0571428571429
2025,34,Polonnaruwa,1.1,30.1142857142857
2025,34,Badulla,12.9,25.7428571428571
2025,34,Monaragala,7,29.1714285714286
2025,34,Ratnapura,20.4,26.3
2025,34,Kegalle,6.9,26.3428571428571
2025,35,Colombo,63.8,27.0857142857143
2025,35,Gampaha,79.3,26.4857142857143
2025,35,Kalutara,81,26.4714285714286
2025,35,Kandy,23,24.3142857142857
2025,35,Matale,29.2,24.6857142857143
2025,35,Nuwara Eliya,17,15.8571428571429
2025,35,Galle,54.1,26.6285714285714
2025,35,Matara,29.7,26.9
2025,35,Hambantota,4.2,28.5857142857143
2025,35,Jaffna,9.3,28.9571428571429
2025,35,Kilinochchi,0.5,29.4571428571429
2025,35,Mannar,2.5,28.3142857142857
2025,35,Vavuniya,3.5,29.3142857142857
2025,35,Mullaitivu,2.7,29.6428571428571
2025,35,Batticaloa,5.5,29.6714285714286
2025,35,Ampara,7,30.1714285714286
2025,35,Trincomalee,8.7,29.4714285714286
2025,35,Kurunegala,31.9,26.3428571428571
2025,35,Puttalam,12,28.3571428571429
2025,35,Anuradhapura,7.5,28.6857142857143
2025,35,Polonnaruwa,9.8,29.6285714285714
2025,35,Badulla,17.6,26.5857142857143
2025,35,Monaragala,7.6,28.7571428571429
2025,35,Ratnapura,119.9,25.7571428571429
2025,35,Kegalle,74.5,25.6
2025,36,Colombo,28.1,27.0428571428571
2025,36,Gampaha,24.6,26.6285714285714
2025,36,Kalutara,20.8,26.8714285714286
2025,36,Kandy,13.5,24.3857142857143
2025,36,Matale,21.9,24.9571428571429
2025,36,Nuwara Eliya,8.5,15.6428571428571
2025,36,Galle,36.6,26.9285714285714
2025,36,Matara,20.8,27.1
2025,36,Hambantota,3.4,29.1857142857143
2025,36,Jaffna,29.3,28.8285714285714
2025,36,Kilinochchi,10.7,29.5857142857143
2025,36,Mannar,2.7,28.4
2025,36,Vavuniya,21.3,29.3285714285714
2025,36,Mullaitivu,31.8,29.2571428571429
2025,36,Batticaloa,15.1,29.1142857142857
2025,36,Ampara,24.3,30
2025,36,Trincomalee,37.3,29.4571428571429
2025,36,Kurunegala,13,27.0285714285714
2025,36,Puttalam,4.1,28.4142857142857
2025,36,Anuradhapura,5.9,29.0571428571429
2025,36,Polonnaruwa,21.5,30.0571428571429
2025,36,Badulla,15.2,26.4571428571429
2025,36,Monaragala,21.4,28.3285714285714
2025,36,Ratnapura,39.1,26
2025,36,Kegalle,21.3,25.9571428571429
2025,37,Colombo,24.3,27.5142857142857
2025,37,Gampaha,24.8,26.9857142857143
2025,37,Kalutara,31.7,26.9857142857143
2025,37,Kandy,45.9,23.9714285714286
2025,37,Matale,53.9,25.2
2025,37,Nuwara Eliya,34.1,16
2025,37,Galle,23.3,27.3142857142857
2025,37,Matara,17.6,27.7
2025,37,Hambantota,14.8,29.2
2025,37,Jaffna,21,28.5857142857143
2025,37,Kilinochchi,20.5,28.7
2025,37,Mannar,8.8,28.4857142857143
2025,37,Vavuniya,21.2,28.5571428571429
2025,37,Mullaitivu,26.1,28.2714285714286
2025,37,Batticaloa,27,28.4857142857143
2025,37,Ampara,26.6,28.5857142857143
2025,37,Trincomalee,16.6,28.6857142857143
2025,37,Kurunegala,38.4,26.7857142857143
2025,37,Puttalam,9.6,28.7714285714286
2025,37,Anuradhapura,38.9,28.2857142857143
2025,37,Polonnaruwa,16.5,29.1
2025,37,Badulla,54.5,24.6714285714286
2025,37,Monaragala,25.8,27.3285714285714
2025,37,Ratnapura,59.9,26.3285714285714
2025,37,Kegalle,26.8,26.2
2025,38,Colombo,97.5,26.4
2025,38,Gampaha,83.2,25.9428571428571
2025,38,Kalutara,93.8,25.9142857142857
2025,38,Kandy,17.3,23.6142857142857
2025,38,Matale,37,24.4428571428571
2025,38,Nuwara Eliya,25.7,15.7571428571429
2025,38,Galle,63.1,26.4428571428571
2025,38,Matara,23.4,26.9571428571429
2025,38,Hambantota,7.3,28.6428571428571
2025,38,Jaffna,44.3,28.1714285714286
2025,38,Kilinochchi,24.6,28.4428571428571
2025,38,Mannar,12.1,28.3142857142857
2025,38,Vavuniya,27.6,28.2857142857143
2025,38,Mullaitivu,23.7,28.4
2025,38,Batticaloa,57.5,28.3142857142857
2025,38,Ampara,33.6,28.3428571428571
2025,38,Trincomalee,12.8,28.7428571428571
2025,38,Kurunegala,31.1,25.8285714285714
2025,38,Puttalam,34.2,28.0285714285714
2025,38,Anuradhapura,19.4,27.6714285714286
2025,38,Polonnaruwa,12.8,29.4857142857143
2025,38,Badulla,32.9,24.5428571428571
2025,38,Monaragala,32.6,27.3285714285714
2025,38,Ratnapura,112.1,25.3571428571429
2025,38,Kegalle,50.3,25.1285714285714
2025,39,Colombo,96.4,26.3571428571429
2025,39,Gampaha,100.1,25.7857142857143
2025,39,Kalutara,126.9,25.8857142857143
2025,39,Kandy,37.9,23.7285714285714
2025,39,Matale,49.6,24.1714285714286
2025,39,Nuwara Eliya,36.3,15.5142857142857
2025,39,Galle,107.3,26.1857142857143
2025,39,Matara,75.9,26.1142857142857
2025,39,Hambantota,20,27.7
2025,39,Jaffna,45.5,28.1571428571429
2025,39,Kilinochchi,7.5,28.7714285714286
2025,39,Mannar,2.4,28.3428571428571
2025,39,Vavuniya,9.4,28.6428571428571
2025,39,Mullaitivu,3.4,29.1285714285714
2025,39,Batticaloa,23.2,29.1
2025,39,Ampara,19.7,29
2025,39,Trincomalee,4.6,29.2
2025,39,Kurunegala,43.3,25.6571428571429
2025,39,Puttalam,50.1,27.9428571428571
2025,39,Anuradhapura,14.5,27.7142857142857
2025,39,Polonnaruwa,5.6,29.4428571428571
2025,39,Badulla,17.4,25.3428571428571
2025,39,Monaragala,3.4,28.0857142857143
2025,39,Ratnapura,153.1,25.0428571428571
2025,39,Kegalle,85.2,24.9428571428571
2025,40,Colombo,20.5,27.2571428571429
2025,40,Gampaha,28,26.8
2025,40,Kalutara,21.8,26.8714285714286
2025,40,Kandy,9.4,24.3428571428571
2025,40,Matale,40.7,25.1
2025,40,Nuwara Eliya,46.4,15.8857142857143
2025,40,Galle,37,26.8428571428571
2025,40,Matara,14.8,27.0428571428571
2025,40,Hambantota,14.1,28.6857142857143
2025,40,Jaffna,10.8,28.4714285714286
2025,40,Kilinochchi,18.4,28.8
2025,40,Mannar,9.8,28.4
2025,40,Vavuniya,40.6,28.6714285714286
2025,40,Mullaitivu,35.8,28.9857142857143
2025,40,Batticaloa,32.6,29.1
2025,40,Ampara,53.1,29.1428571428571
2025,40,Trincomalee,36.8,29.1428571428571
2025,40,Kurunegala,20.4,26.8
2025,40,Puttalam,10.3,27.9714285714286
2025,40,Anuradhapura,25.7,28.2
2025,40,Polonnaruwa,37.4,29.4285714285714
2025,40,Badulla,32.6,25.0857142857143
2025,40,Monaragala,28.9,28.6142857142857
2025,40,Ratnapura,38,26.2714285714286
2025,40,Kegalle,33.2,26.1285714285714
2025,41,Colombo,7.8,27.4428571428571
2025,41,Gampaha,10.1,26.7714285714286
2025,41,Kalutara,22.6,26.5
2025,41,Kandy,15.7,23.7428571428571
2025,41,Matale,22.8,25.1571428571429
2025,41,Nuwara Eliya,47.1,15.6428571428571
2025,41,Galle,18.6,26.7571428571429
2025,41,Matara,40.4,26.9142857142857
2025,41,Hambantota,20.9,28.0571428571429
2025,41,Jaffna,22.3,28.4714285714286
2025,41,Kilinochchi,21.8,28.0571428571429
2025,41,Mannar,16.6,28.8285714285714
2025,41,Vavuniya,38.6,27.1571428571429
2025,41,Mullaitivu,33.9,27.4
2025,41,Batticaloa,33.7,27.6714285714286
2025,41,Ampara,30.1,27.4714285714286
2025,41,Trincomalee,52,27.2857142857143
2025,41,Kurunegala,15.8,27.0142857142857
2025,41,Puttalam,13.2,28.2428571428571
2025,41,Anuradhapura,62.2,27.3428571428571
2025,41,Polonnaruwa,34.3,27.1571428571429
2025,41,Badulla,34.7,23.0857142857143
2025,41,Monaragala,20.6,26.3428571428571
2025,41,Ratnapura,32.4,26.1285714285714
2025,41,Kegalle,15.1,26.1285714285714
2025,42,Colombo,120.2,26.0714285714286
2025,42,Gampaha,179.8,25.7142857142857
2025,42,Kalutara,123.8,25.4857142857143
2025,42,Kandy,175.4,23.6428571428571
2025,42,Matale,171,24.3428571428571
2025,42,Nuwara Eliya,85.4,16
2025,42,Galle,116.6,25.6142857142857
2025,42,Matara,128.4,25.7857142857143
2025,42,Hambantota,69.5,26.8142857142857
2025,42,Jaffna,102.9,27.3285714285714
2025,42,Kilinochchi,98.3,26.9857142857143
2025,42,Mannar,85.9,27.2428571428571
2025,42,Vavuniya,130.2,26
2025,42,Mullaitivu,100.1,27.1428571428571
2025,42,Batticaloa,102.9,27.4857142857143
2025,42,Ampara,114.8,27.0428571428571
2025,42,Trincomalee,88.6,26.9
2025,42,Kurunegala,199.1,25.4285714285714
2025,42,Puttalam,153.4,26.4714285714286
2025,42,Anuradhapura,117.7,26.2285714285714
2025,42,Polonnaruwa,134,26.4571428571429
2025,42,Badulla,130.9,22.9285714285714
2025,42,Monaragala,177.2,25.4142857142857
2025,42,Ratnapura,143.7,25.6857142857143
2025,42,Kegalle,160.4,25.0428571428571
2025,43,Colombo,109.1,26
2025,43,Gampaha,109.4,25.2857142857143
2025,43,Kalutara,87,25.6428571428571
2025,43,Kandy,113.2,22.6142857142857
2025,43,Matale,147.8,23.4428571428571
2025,43,Nuwara Eliya,52.7,15.3
2025,43,Galle,79.9,25.9714285714286
2025,43,Matara,62.6,25.9714285714286
2025,43,Hambantota,52.7,26.9142857142857
2025,43,Jaffna,88.1,27.1285714285714
2025,43,Kilinochchi,80.4,26.5285714285714
2025,43,Mannar,79.6,27.3142857142857
2025,43,Vavuniya,80.9,25.3714285714286
2025,43,Mullaitivu,90.4,26.2428571428571
2025,43,Batticaloa,127.9,27.1285714285714
2025,43,Ampara,60.3,26.6428571428571
2025,43,Trincomalee,112.9,26.3428571428571
2025,43,Kurunegala,106.8,24.2714285714286
2025,43,Puttalam,103.4,26.1714285714286
2025,43,Anuradhapura,122.8,25.3714285714286
2025,43,Polonnaruwa,155.2,26.1142857142857
2025,43,Badulla,68.5,22.5571428571429
2025,43,Monaragala,56.5,25.1285714285714
2025,43,Ratnapura,99.9,25.1571428571429
2025,43,Kegalle,97.4,24.3285714285714
2025,44,Colombo,6.1,27.7571428571429
2025,44,Gampaha,4.7,27.0285714285714
2025,44,Kalutara,4.8,27.1571428571429
2025,44,Kandy,6,24.2
2025,44,Matale,17.3,25.3142857142857
2025,44,Nuwara Eliya,17.7,15.7857142857143
2025,44,Galle,4.6,27.3
2025,44,Matara,8.4,27.2857142857143
2025,44,Hambantota,2.5,28.3285714285714
2025,44,Jaffna,3.5,28.3142857142857
2025,44,Kilinochchi,7.1,28.1
2025,44,Mannar,0.4,28.4571428571429
2025,44,Vavuniya,2.1,27.5428571428571
2025,44,Mullaitivu,7.5,28
2025,44,Batticaloa,1.5,28.3
2025,44,Ampara,4.4,27.9428571428571
2025,44,Trincomalee,1.1,28.0857142857143
2025,44,Kurunegala,15.6,26.2714285714286
2025,44,Puttalam,13.3,27.7142857142857
2025,44,Anuradhapura,5.1,27.2714285714286
2025,44,Polonnaruwa,2.2,28.0142857142857
2025,44,Badulla,2.3,23.9571428571429
2025,44,Monaragala,3.3,26.7142857142857
2025,44,Ratnapura,14.7,26.9857142857143
2025,44,Kegalle,10.8,26.4857142857143
2025,45,Colombo,46.1,27.0428571428571
2025,45,Gampaha,29.8,26.2142857142857
2025,45,Kalutara,25.9,26.4714285714286
2025,45,Kandy,37.2,23.6
2025,45,Matale,31.5,24.4428571428571
2025,45,Nuwara Eliya,20.8,15.8857142857143
2025,45,Galle,14.6,27.0857142857143
2025,45,Matara,15,26.9
2025,45,Hambantota,23.9,28.1285714285714
2025,45,Jaffna,18.9,27.8857142857143
2025,45,Kilinochchi,33.4,27.3
2025,45,Mannar,10.8,28.0571428571429
2025,45,Vavuniya,34,26.3142857142857
2025,45,Mullaitivu,25,27.2714285714286
2025,45,Batticaloa,23.3,27.5285714285714
2025,45,Ampara,28.2,27.2571428571429
2025,45,Trincomalee,25.2,27.3714285714286
2025,45,Kurunegala,25.7,25.3857142857143
2025,45,Puttalam,19.3,26.9714285714286
2025,45,Anuradhapura,35.7,26.1428571428571
2025,45,Polonnaruwa,34.8,27.5285714285714
2025,45,Badulla,8.8,23.6142857142857
2025,45,Monaragala,59.4,26.4857142857143
2025,45,Ratnapura,54.2,25.9
2025,45,Kegalle,41.8,25.3285714285714
2025,46,Colombo,43.1,26.2
2025,46,Gampaha,50.5,25.8428571428571
2025,46,Kalutara,45.3,25.7428571428571
2025,46,Kandy,49.7,23.2857142857143
2025,46,Matale,48.7,23.9714285714286
2025,46,Nuwara Eliya,71.1,15.3285714285714
2025,46,Galle,67.8,26.0428571428571
2025,46,Matara,62.5,25.8857142857143
2025,46,Hambantota,105.6,26.2428571428571
2025,46,Jaffna,63.6,26.5285714285714
2025,46,Kilinochchi,108.5,26.0571428571429
2025,46,Mannar,55.3,26.9428571428571
2025,46,Vavuniya,87.1,24.9142857142857
2025,46,Mullaitivu,150.5,26.3
2025,46,Batticaloa,138,26.0285714285714
2025,46,Ampara,135.8,25.6428571428571
2025,46,Trincomalee,155.1,25.9142857142857
2025,46,Kurunegala,68.1,24.9142857142857
2025,46,Puttalam,46.9,25.8857142857143
2025,46,Anuradhapura,64,25.1
2025,46,Polonnaruwa,119.1,25.3714285714286
2025,46,Badulla,53.5,22.1571428571429
2025,46,Monaragala,83.1,24.8857142857143
2025,46,Ratnapura,78.8,25.4571428571429
2025,46,Kegalle,73.2,24.9142857142857
2025,47,Colombo,88.6,25.5857142857143
2025,47,Gampaha,134.8,25.3714285714286
2025,47,Kalutara,101.9,25.2142857142857
2025,47,Kandy,92.8,23.1142857142857
2025,47,Matale,172.2,23.9857142857143
2025,47,Nuwara Eliya,121.1,15.5142857142857
2025,47,Galle,116.5,25.4
2025,47,Matara,80.3,25.4285714285714
2025,47,Hambantota,96.9,25.7571428571429
2025,47,Jaffna,131.6,25.7428571428571
2025,47,Kilinochchi,155.8,25.4714285714286
2025,47,Mannar,112.2,26.0285714285714
2025,47,Vavuniya,116.5,24.5857142857143
2025,47,Mullaitivu,161.7,25.8714285714286
2025,47,Batticaloa,118.5,25.9857142857143
2025,47,Ampara,147.8,25.3714285714286
2025,47,Trincomalee,147.9,25.7142857142857
2025,47,Kurunegala,123.5,24.7142857142857
2025,47,Puttalam,109.7,25.4
2025,47,Anuradhapura,138.2,24.9142857142857
2025,47,Polonnaruwa,169.7,25.0714285714286
2025,47,Badulla,160.7,21.8571428571429
2025,47,Monaragala,155.5,24.1857142857143
2025,47,Ratnapura,91.5,25.3285714285714
2025,47,Kegalle,131,24.6571428571429
2025,48,Colombo,376.5,24.7857142857143
2025,48,Gampaha,475.4,24.1
2025,48,Kalutara,291,24.6
2025,48,Kandy,423.7,21.4285714285714
2025,48,Matale,584.9,22.3142857142857
2025,48,Nuwara Eliya,462.3,14.5571428571429
2025,48,Galle,244,24.6857142857143
2025,48,Matara,254.3,24.6714285714286
2025,48,Hambantota,165.6,25.2
2025,48,Jaffna,332.2,25.1142857142857
2025,48,Kilinochchi,489.8,24.6571428571429
2025,48,Mannar,394.8,25.1142857142857
2025,48,Vavuniya,491.8,23.6
2025,48,Mullaitivu,404.2,25.1571428571429
2025,48,Batticaloa,309.6,25.2285714285714
2025,48,Ampara,224.4,24.5857142857143
2025,48,Trincomalee,474.5,25.0142857142857
2025,48,Kurunegala,418.2,23.0285714285714
2025,48,Puttalam,491.9,24.3714285714286
2025,48,Anuradhapura,579.8,23.7142857142857
2025,48,Polonnaruwa,336.8,24.1714285714286
2025,48,Badulla,512.7,21.2857142857143
2025,48,Monaragala,232.3,23.3142857142857
2025,48,Ratnapura,334.2,24.1428571428571
2025,48,Kegalle,472.8,23.1285714285714
2025,49,Colombo,38.2,25.8857142857143
2025,49,Gampaha,50.6,25.5142857142857
2025,49,Kalutara,22.9,25.3285714285714
2025,49,Kandy,7.1,23.0571428571429
2025,49,Matale,8.9,24.4857142857143
2025,49,Nuwara Eliya,24,15.0428571428571
2025,49,Galle,42.3,25.5285714285714
2025,49,Matara,55,25.5428571428571
2025,49,Hambantota,25.7,26.1714285714286
2025,49,Jaffna,35.6,26.4
2025,49,Kilinochchi,32.5,26.0857142857143
2025,49,Mannar,10.4,26.9428571428571
2025,49,Vavuniya,19.8,25.3571428571429
2025,49,Mullaitivu,59.7,26.3857142857143
2025,49,Batticaloa,41.8,26.1
2025,49,Ampara,42.5,25.7571428571429
2025,49,Trincomalee,30.4,26.4
2025,49,Kurunegala,8.6,25.0285714285714
2025,49,Puttalam,33.9,25.8285714285714
2025,49,Anuradhapura,27.1,25.4285714285714
2025,49,Polonnaruwa,53.1,25.5571428571429
2025,49,Badulla,39.8,21.8571428571429
2025,49,Monaragala,41.4,24.9
2025,49,Ratnapura,25.9,25.4571428571429
2025,49,Kegalle,26.5,25.0857142857143
2025,50,Colombo,41.1,25.6
2025,50,Gampaha,64.9,25.3571428571429
2025,50,Kalutara,66.6,25.1
2025,50,Kandy,60.7,23.2
2025,50,Matale,33.6,23.7285714285714
2025,50,Nuwara Eliya,37.4,14.7428571428571
2025,50,Galle,52.8,25.1714285714286
2025,50,Matara,34.8,25.3428571428571
2025,50,Hambantota,56.7,26.1428571428571
2025,50,Jaffna,52.9,25.2571428571429
2025,50,Kilinochchi,114.3,25
2025,50,Mannar,48.4,25.8142857142857
2025,50,Vavuniya,63.7,23.9571428571429
2025,50,Mullaitivu,118.4,25.2428571428571
2025,50,Batticaloa,108.7,25.4142857142857
2025,50,Ampara,110.6,24.8857142857143
2025,50,Trincomalee,109.3,25.2285714285714
2025,50,Kurunegala,27.5,24.5428571428571
2025,50,Puttalam,45.1,25.0142857142857
2025,50,Anuradhapura,81.6,24.2857142857143
2025,50,Polonnaruwa,100.1,24.5857142857143
2025,50,Badulla,91.2,21.2857142857143
2025,50,Monaragala,50.4,24.3285714285714
2025,50,Ratnapura,69.8,25.0142857142857
2025,50,Kegalle,58.3,24.6857142857143
2025,51,Colombo,32.4,25.9
2025,51,Gampaha,52.5,25.7714285714286
2025,51,Kalutara,35.3,25.2571428571429
2025,51,Kandy,20.3,23.4142857142857
2025,51,Matale,22,23.8142857142857
2025,51,Nuwara Eliya,63.7,15
2025,51,Galle,60.9,25.3
2025,51,Matara,32.4,25.4714285714286
2025,51,Hambantota,49.1,25.7428571428571
2025,51,Jaffna,15.9,25.4428571428571
2025,51,Kilinochchi,31.5,25.3857142857143
2025,51,Mannar,23.6,26.1428571428571
2025,51,Vavuniya,23,24.2
2025,51,Mullaitivu,42.9,25.9
2025,51,Batticaloa,100.5,25.5714285714286
2025,51,Ampara,64.5,24.7142857142857
2025,51,Trincomalee,55.4,25.6142857142857
2025,51,Kurunegala,17.7,24.7714285714286
2025,51,Puttalam,37.2,25.2285714285714
2025,51,Anuradhapura,28.9,24.5142857142857
2025,51,Polonnaruwa,81.8,24.6571428571429
2025,51,Badulla,169.1,21.2428571428571
2025,51,Monaragala,57.8,24.2142857142857
2025,51,Ratnapura,35.4,25.3142857142857
2025,51,Kegalle,28.2,25.0714285714286
2025,52,Colombo,3.4,26.7285714285714
2025,52,Gampaha,7.1,26.1428571428571
2025,52,Kalutara,19.9,25.6428571428571
2025,52,Kandy,5,23.4142857142857
2025,52,Matale,3.6,23.6428571428571
2025,52,Nuwara Eliya,23.9,14.3142857142857
2025,52,Galle,21.3,25.4857142857143
2025,52,Matara,20.3,25.4714285714286
2025,52,Hambantota,7,26.6142857142857
2025,52,Jaffna,3.8,25.6142857142857
2025,52,Kilinochchi,7.2,25.3714285714286
2025,52,Mannar,5.7,26.3142857142857
2025,52,Vavuniya,9.7,24.3857142857143
2025,52,Mullaitivu,14.7,25.9714285714286
2025,52,Batticaloa,20.9,25.6428571428571
2025,52,Ampara,14.9,25.0428571428571
2025,52,Trincomalee,9.8,25.9142857142857
2025,52,Kurunegala,2,24.7714285714286
2025,52,Puttalam,6.8,25.2
2025,52,Anuradhapura,12.4,24.4857142857143
2025,52,Polonnaruwa,16.9,24.7142857142857
2025,52,Badulla,38.4,21.1285714285714
2025,52,Monaragala,6,24.7571428571429
2025,52,Ratnapura,8.4,25.8428571428571
2025,52,Kegalle,2.1,25.3285714285714
2026,1,Colombo,9.8,27.1714285714286
2026,1,Gampaha,10.9,26.5857142857143
2026,1,Kalutara,7.7,25.7
2026,1,Kandy,25.3,23.4285714285714
2026,1,Matale,30.8,24.0428571428571
2026,1,Nuwara Eliya,19,15.0142857142857
2026,1,Galle,5.8,25.9142857142857
2026,1,Matara,7.2,25.9285714285714
2026,1,Hambantota,20,26.2857142857143
2026,1,Jaffna,23.2,25.6857142857143
2026,1,Kilinochchi,38.4,25.5428571428571
2026,1,Mannar,13.5,26.2428571428571
2026,1,Vavuniya,30.4,24.6285714285714
2026,1,Mullaitivu,31.9,25.9
2026,1,Batticaloa,80.3,25.7142857142857
2026,1,Ampara,54.8,25.0142857142857
2026,1,Trincomalee,41.7,25.8285714285714
2026,1,Kurunegala,30.7,25.1142857142857
2026,1,Puttalam,27,25.4428571428571
2026,1,Anuradhapura,27,24.8571428571429
2026,1,Polonnaruwa,44.1,24.9857142857143
2026,1,Badulla,48.2,21.4714285714286
2026,1,Monaragala,21,24.9571428571429
2026,1,Ratnapura,18.7,25.9
2026,1,Kegalle,27.4,25.4857142857143
2026,2,Colombo,27.2,25.5714285714286
2026,2,Gampaha,45.2,25.4857142857143
2026,2,Kalutara,16.6,25.4571428571429
2026,2,Kandy,63.4,22.5142857142857
2026,2,Matale,60.6,22.8285714285714
2026,2,Nuwara Eliya,37,14.5428571428571
2026,2,Galle,23.1,25.4
2026,2,Matara,28.7,25.3571428571429
2026,2,Hambantota,24.7,25.8571428571429
2026,2,Jaffna,46.4,25.0285714285714
2026,2,Kilinochchi,52.9,24.9714285714286
2026,2,Mannar,20.5,25.5428571428571
2026,2,Vavuniya,58.3,23.8714285714286
2026,2,Mullaitivu,89.2,25.3285714285714
2026,2,Batticaloa,101.2,25.2571428571429
2026,2,Ampara,55.6,24.5714285714286
2026,2,Trincomalee,134.8,25.1428571428571
2026,2,Kurunegala,28.6,24.0714285714286
2026,2,Puttalam,27.4,24.6571428571429
2026,2,Anuradhapura,60.2,23.9285714285714
2026,2,Polonnaruwa,101.3,24.3857142857143
2026,2,Badulla,138.1,20.8
2026,2,Monaragala,59.1,24.2571428571429
2026,2,Ratnapura,50.1,25.1857142857143
2026,2,Kegalle,37.3,24.5428571428571
2026,3,Colombo,22.4,25.7
2026,3,Gampaha,22.2,25.7285714285714
2026,3,Kalutara,15.9,24.9285714285714
2026,3,Kandy,2,22.7428571428571
2026,3,Matale,21.9,23.0571428571429
2026,3,Nuwara Eliya,13.9,13.9428571428571
2026,3,Galle,16,25.2571428571429
2026,3,Matara,15.2,25.3142857142857
2026,3,Hambantota,3.8,26.3428571428571
2026,3,Jaffna,20.6,24.9428571428571
2026,3,Kilinochchi,12.7,24.6428571428571
2026,3,Mannar,14.1,25.5571428571429
2026,3,Vavuniya,11.4,23.9
2026,3,Mullaitivu,30.4,25.4
2026,3,Batticaloa,32.2,25.4285714285714
2026,3,Ampara,31.5,24.5857142857143
2026,3,Trincomalee,18.2,25.4
2026,3,Kurunegala,14.4,24.3
2026,3,Puttalam,17.6,24.7571428571429
2026,3,Anuradhapura,24.8,24.1142857142857
2026,3,Polonnaruwa,24,24.3285714285714
2026,3,Badulla,16.1,20.6428571428571
2026,3,Monaragala,16,24.2714285714286
2026,3,Ratnapura,15.2,25.4428571428571
2026,3,Kegalle,4,24.6857142857143
2026,4,Colombo,2.5,26.4285714285714
2026,4,Gampaha,2.4,26.1285714285714
2026,4,Kalutara,1,25.0428571428571
2026,4,Kandy,0.8,22.5857142857143
2026,4,Matale,3,23.0285714285714
2026,4,Nuwara Eliya,8.1,14.0857142857143
2026,4,Galle,3.8,25.4142857142857
2026,4,Matara,2.6,25.3
2026,4,Hambantota,3,26.1285714285714
2026,4,Jaffna,12.5,24.7142857142857
2026,4,Kilinochchi,16.3,24.4714285714286
2026,4,Mannar,20.5,25.4571428571429
2026,4,Vavuniya,29.5,23.4428571428571
2026,4,Mullaitivu,18,25.4
2026,4,Batticaloa,7.4,24.8714285714286
2026,4,Ampara,3.4,24.3857142857143
2026,4,Trincomalee,17,25.3
2026,4,Kurunegala,2,24.5714285714286
2026,4,Puttalam,7.3,24.2428571428571
2026,4,Anuradhapura,8.9,23.8
2026,4,Polonnaruwa,17.8,24.1285714285714
2026,4,Badulla,6.9,20.7142857142857
2026,4,Monaragala,3.4,24.3857142857143
2026,4,Ratnapura,1,25.2857142857143
2026,4,Kegalle,0.4,24.7571428571429
2026,5,Colombo,18.5,27.4571428571429
2026,5,Gampaha,28.1,27.4
2026,5,Kalutara,26.3,25.6428571428571
2026,5,Kandy,31.6,23.3
2026,5,Matale,21.9,23.6571428571429
2026,5,Nuwara Eliya,41.5,14.4714285714286
2026,5,Galle,40.9,25.7285714285714
2026,5,Matara,21.4,25.9142857142857
2026,5,Hambantota,11.4,27.1285714285714
2026,5,Jaffna,17.8,25.3571428571429
2026,5,Kilinochchi,21.4,25.1571428571429
2026,5,Mannar,15.3,26.0571428571429
2026,5,Vavuniya,14,24.2285714285714
2026,5,Mullaitivu,29.6,25.7
2026,5,Batticaloa,45.7,25.5142857142857
2026,5,Ampara,51.3,24.8571428571429
2026,5,Trincomalee,20.8,25.7857142857143
2026,5,Kurunegala,18.9,25.4142857142857
2026,5,Puttalam,10.9,25.3285714285714
2026,5,Anuradhapura,20.8,24.4285714285714
2026,5,Polonnaruwa,38.6,24.5
2026,5,Badulla,91.1,21.0714285714286
2026,5,Monaragala,34.1,24.6857142857143
2026,5,Ratnapura,12.3,25.6428571428571
2026,5,Kegalle,15.2,25.7571428571429
2026,6,Colombo,35.8,26.5857142857143
2026,6,Gampaha,23.9,27.0142857142857
2026,6,Kalutara,33.4,25.4
2026,6,Kandy,14.9,23.4857142857143
2026,6,Matale,14.5,23.9857142857143
2026,6,Nuwara Eliya,57.3,14.6857142857143
2026,6,Galle,94.2,25.3285714285714
2026,6,Matara,50.9,25.5428571428571
2026,6,Hambantota,19.5,26.7571428571429
2026,6,Jaffna,8.3,25.8
2026,6,Kilinochchi,10.6,25.6857142857143
2026,6,Mannar,8,26.6142857142857
2026,6,Vavuniya,7.3,24.7857142857143
2026,6,Mullaitivu,9.3,26.1571428571429
2026,6,Batticaloa,49.1,26.0285714285714
2026,6,Ampara,46.9,25
2026,6,Trincomalee,32.8,25.9571428571429
2026,6,Kurunegala,27.1,25.7714285714286
2026,6,Puttalam,27.1,25.8571428571429
2026,6,Anuradhapura,30.9,24.8
2026,6,Polonnaruwa,42.9,24.8714285714286
2026,6,Badulla,130,21.1142857142857
2026,6,Monaragala,44.1,24.3714285714286
2026,6,Ratnapura,53,25.3571428571429
2026,6,Kegalle,32.2,25.8857142857143
2026,7,Colombo,13.7,26.8142857142857
2026,7,Gampaha,5.5,27.2714285714286
2026,7,Kalutara,25.2,25.4571428571429
2026,7,Kandy,16.6,22.6142857142857
2026,7,Matale,8,23.1285714285714
2026,7,Nuwara Eliya,28.9,14.2428571428571
2026,7,Galle,64.8,25.4857142857143
2026,7,Matara,20.9,25.4857142857143
2026,7,Hambantota,42.7,26.5142857142857
2026,7,Jaffna,2.9,25.8142857142857
2026,7,Kilinochchi,4,25.4428571428571
2026,7,Mannar,4.5,26.5142857142857
2026,7,Vavuniya,8.7,24.3428571428571
2026,7,Mullaitivu,11.2,25.8428571428571
2026,7,Batticaloa,39.4,25.4
2026,7,Ampara,35.3,24.4714285714286
2026,7,Trincomalee,25.9,25.8428571428571
2026,7,Kurunegala,6.7,25.4
2026,7,Puttalam,13.8,25.4428571428571
2026,7,Anuradhapura,14.2,24.3285714285714
2026,7,Polonnaruwa,49.5,24.2857142857143
2026,7,Badulla,54.1,20.5285714285714
2026,7,Monaragala,14,23.9714285714286
2026,7,Ratnapura,53.1,25.4571428571429
2026,7,Kegalle,4.8,25.4
2026,8,Colombo,64.3,26.2285714285714
2026,8,Gampaha,72.1,26.4571428571429
2026,8,Kalutara,65.9,25.5285714285714
2026,8,Kandy,80.6,22.3857142857143
2026,8,Matale,67.9,23.2
2026,8,Nuwara Eliya,144.1,14.6857142857143
2026,8,Galle,103,25.3857142857143
2026,8,Matara,80.5,25.6571428571429
2026,8,Hambantota,88.6,25.6571428571429
2026,8,Jaffna,14.8,26.3285714285714
2026,8,Kilinochchi,24.7,25.8142857142857
2026,8,Mannar,16.7,26.5142857142857
2026,8,Vavuniya,44.7,24.5
2026,8,Mullaitivu,42.1,25.9
2026,8,Batticaloa,154,25.1857142857143
2026,8,Ampara,234.8,24.4142857142857
2026,8,Trincomalee,95.7,25.4857142857143
2026,8,Kurunegala,76.9,24.7857142857143
2026,8,Puttalam,57.7,25.5428571428571
2026,8,Anuradhapura,66.8,24.4285714285714
2026,8,Polonnaruwa,111.6,24.3428571428571
2026,8,Badulla,193.8,21.0857142857143
2026,8,Monaragala,159.3,23.4
2026,8,Ratnapura,69.4,25.4285714285714
2026,8,Kegalle,81.6,24.8571428571429
2026,9,Colombo,7.9,27.0142857142857
2026,9,Gampaha,6.6,26.9571428571429
2026,9,Kalutara,7.7,26.1428571428571
2026,9,Kandy,0.7,23.5571428571429
2026,9,Matale,1.4,24.7428571428571
2026,9,Nuwara Eliya,4.6,15.0142857142857
2026,9,Galle,15.1,26.1142857142857
2026,9,Matara,13,26.1857142857143
2026,9,Hambantota,7.6,26.2714285714286
2026,9,Jaffna,4.7,26.9142857142857
2026,9,Kilinochchi,2.4,26.1285714285714
2026,9,Mannar,1.9,26.9714285714286
2026,9,Vavuniya,2.8,25.5571428571429
2026,9,Mullaitivu,4.7,26.3142857142857
2026,9,Batticaloa,2.5,26.1428571428571
2026,9,Ampara,1.6,25.9
2026,9,Trincomalee,1.2,26.0857142857143
2026,9,Kurunegala,0.5,26.3857142857143
2026,9,Puttalam,7.2,26.4428571428571
2026,9,Anuradhapura,1.5,25.6571428571429
2026,9,Polonnaruwa,1.6,25.7857142857143
2026,9,Badulla,2.7,22.4714285714286
2026,9,Monaragala,1.7,25.4142857142857
2026,9,Ratnapura,9.8,26.6142857142857
2026,9,Kegalle,0.9,26.3
2026,10,Colombo,4,27.5714285714286
2026,10,Gampaha,4.3,27.7571428571429
2026,10,Kalutara,4.5,26.4142857142857
2026,10,Kandy,0.3,23.8428571428571
2026,10,Matale,1,25.0142857142857
2026,10,Nuwara Eliya,3.4,14.7571428571429
2026,10,Galle,6.4,26.2571428571429
2026,10,Matara,7.4,26.1428571428571
2026,10,Hambantota,4.4,26.6142857142857
2026,10,Jaffna,1.2,27.2571428571429
2026,10,Kilinochchi,1.2,26.1285714285714
2026,10,Mannar,2.7,26.9428571428571
2026,10,Vavuniya,1,25.7714285714286
2026,10,Mullaitivu,1.4,26.3
2026,10,Batticaloa,8.2,26.0571428571429
2026,10,Ampara,9.2,25.7571428571429
2026,10,Trincomalee,2.8,26.0428571428571
2026,10,Kurunegala,2.5,27.2857142857143
2026,10,Puttalam,6.4,26.5714285714286
2026,10,Anuradhapura,2.4,25.7
2026,10,Polonnaruwa,4.6,25.5285714285714
2026,10,Badulla,1.8,22.1571428571429
2026,10,Monaragala,3,25.1
2026,10,Ratnapura,7,26.5571428571429
2026,10,Kegalle,1.6,26.9714285714286
2026,11,Colombo,39.4,26.9857142857143
2026,11,Gampaha,79.9,27.2857142857143
2026,11,Kalutara,43,26.6142857142857
2026,11,Kandy,3.8,24.5428571428571
2026,11,Matale,10.8,25.3571428571429
2026,11,Nuwara Eliya,16.8,15.1714285714286
2026,11,Galle,11.5,26.8142857142857
2026,11,Matara,9.1,27.3285714285714
2026,11,Hambantota,4.5,28.1714285714286
2026,11,Jaffna,3.8,28.0428571428571
2026,11,Kilinochchi,4.6,27.2714285714286
2026,11,Mannar,8.4,27.9428571428571
2026,11,Vavuniya,6.7,26.7142857142857
2026,11,Mullaitivu,7.5,27.2428571428571
2026,11,Batticaloa,11,26.9428571428571
2026,11,Ampara,11.6,26.6714285714286
2026,11,Trincomalee,4.8,27.2142857142857
2026,11,Kurunegala,19.2,27.6142857142857
2026,11,Puttalam,14.6,27.8285714285714
2026,11,Anuradhapura,9.3,26.6571428571429
2026,11,Polonnaruwa,7.4,26.2285714285714
2026,11,Badulla,14.8,22.3857142857143
2026,11,Monaragala,11.2,26.0285714285714
2026,11,Ratnapura,14.3,27.0857142857143
2026,11,Kegalle,15,27.1142857142857
2026,12,Colombo,20.2,27.4714285714286
2026,12,Gampaha,37.5,27.1
2026,12,Kalutara,19.9,26.9571428571429
2026,12,Kandy,13.7,25.0142857142857
2026,12,Matale,13.9,26.0714285714286
2026,12,Nuwara Eliya,33,15.7714285714286
2026,12,Galle,35.6,26.7857142857143
2026,12,Matara,21.4,27.2
2026,12,Hambantota,20.9,27.7571428571429
2026,12,Jaffna,23.9,28.3714285714286
2026,12,Kilinochchi,19.2,27.8428571428571
2026,12,Mannar,12.1,28.2857142857143
2026,12,Vavuniya,10.6,27.4714285714286
2026,12,Mullaitivu,18.4,27.6571428571429
2026,12,Batticaloa,21.2,27.6
2026,12,Ampara,27.3,27.3
2026,12,Trincomalee,21.6,27.5285714285714
2026,12,Kurunegala,22.7,27.6571428571429
2026,12,Puttalam,18,27.6714285714286
2026,12,Anuradhapura,18.4,27.4428571428571
2026,12,Polonnaruwa,37.5,27.0571428571429
2026,12,Badulla,10.3,23.0571428571429
2026,12,Monaragala,30.5,25.9857142857143
2026,12,Ratnapura,13.1,27.3428571428571
2026,12,Kegalle,31.5,26.9
2026,13,Colombo,4.9,28.7857142857143
2026,13,Gampaha,3,28.8
2026,13,Kalutara,10.4,27.7285714285714
2026,13,Kandy,0.8,26.1
2026,13,Matale,1.3,26.7571428571429
2026,13,Nuwara Eliya,3,16.0857142857143
2026,13,Galle,17.4,27.4142857142857
2026,13,Matara,17.7,27.7142857142857
2026,13,Hambantota,16.6,28.7857142857143
2026,13,Jaffna,0.5,28.4
2026,13,Kilinochchi,0,27.9714285714286
2026,13,Mannar,0.4,28.5857142857143
2026,13,Vavuniya,0.4,28.0285714285714
2026,13,Mullaitivu,0,27.9571428571429
2026,13,Batticaloa,2,27.9571428571429
2026,13,Ampara,3.1,27.6571428571429
2026,13,Trincomalee,0.7,28.0714285714286
2026,13,Kurunegala,1.3,29.1285714285714
2026,13,Puttalam,1.2,28.9428571428571
2026,13,Anuradhapura,0,28.3857142857143
2026,13,Polonnaruwa,0.5,27.8285714285714
2026,13,Badulla,10.2,24.1428571428571
2026,13,Monaragala,5.1,27.2571428571429
2026,13,Ratnapura,17.6,28.2428571428571
2026,13,Kegalle,1.4,29.0857142857143
2026,14,Colombo,15.5,28.3714285714286
2026,14,Gampaha,35.7,28.0571428571429
2026,14,Kalutara,43.2,27.2428571428571
2026,14,Kandy,27.8,25.3428571428571
2026,14,Matale,36.6,26.1571428571429
2026,14,Nuwara Eliya,31.2,16.2714285714286
2026,14,Galle,33.3,27.0714285714286
2026,14,Matara,47.3,27.2428571428571
2026,14,Hambantota,21.1,28.0714285714286
2026,14,Jaffna,6.4,29.3714285714286
2026,14,Kilinochchi,5,28.6428571428571
2026,14,Mannar,2.7,28.9428571428571
2026,14,Vavuniya,41.9,27.9285714285714
2026,14,Mullaitivu,9.5,28.1857142857143
2026,14,Batticaloa,36.1,27.7571428571429
2026,14,Ampara,41,27.3714285714286
2026,14,Trincomalee,27.7,27.8571428571429
2026,14,Kurunegala,34.5,28.0428571428571
2026,14,Puttalam,15.2,28.6142857142857
2026,14,Anuradhapura,28.1,27.9285714285714
2026,14,Polonnaruwa,32.1,27.6428571428571
2026,14,Badulla,32.7,24.0285714285714
2026,14,Monaragala,40.2,26.5857142857143
2026,14,Ratnapura,22.6,27.5428571428571
2026,14,Kegalle,22.6,27.8571428571429
2026,15,Colombo,30.9,28.8428571428571
2026,15,Gampaha,37.4,28.3714285714286
2026,15,Kalutara,28,28.0714285714286
2026,15,Kandy,8.3,25.9714285714286
2026,15,Matale,10.4,27
2026,15,Nuwara Eliya,17.2,17.0285714285714
2026,15,Galle,26.5,28.0571428571429
2026,15,Matara,20.5,28.0714285714286
2026,15,Hambantota,13.2,29.1
2026,15,Jaffna,14.1,29.5857142857143
2026,15,Kilinochchi,4.8,29.5857142857143
2026,15,Mannar,3.8,29.7285714285714
2026,15,Vavuniya,8.2,29.1
2026,15,Mullaitivu,4.3,29.0714285714286
2026,15,Batticaloa,8.3,28.9285714285714
2026,15,Ampara,9.8,28.7
2026,15,Trincomalee,4.1,28.9
2026,15,Kurunegala,27,28.5
2026,15,Puttalam,22.3,29.3
2026,15,Anuradhapura,14,29.1571428571429
2026,15,Polonnaruwa,17.5,28.8571428571429
2026,15,Badulla,16.3,24.8428571428571
2026,15,Monaragala,33,27.3285714285714
2026,15,Ratnapura,48.4,27.4714285714286
2026,15,Kegalle,22.3,28.1285714285714
2026,16,Colombo,23.5,27.8142857142857
2026,16,Gampaha,35.4,27.6
2026,16,Kalutara,31.4,27.0857142857143
2026,16,Kandy,7.1,25.9285714285714
2026,16,Matale,22,26.4714285714286
2026,16,Nuwara Eliya,17.7,17.0428571428571
2026,16,Galle,36.4,26.9428571428571
2026,16,Matara,34.4,27.0714285714286
2026,16,Hambantota,20,28.1285714285714
2026,16,Jaffna,3.9,30.3428571428571
2026,16,Kilinochchi,4.7,30
2026,16,Mannar,3,29.6714285714286
2026,16,Vavuniya,17.5,28.9285714285714
2026,16,Mullaitivu,4.3,29.1714285714286
2026,16,Batticaloa,19.4,29
2026,16,Ampara,16.7,28.5571428571429
2026,16,Trincomalee,18,29.1
2026,16,Kurunegala,15.8,28.1428571428571
2026,16,Puttalam,18.5,28.6285714285714
2026,16,Anuradhapura,20.6,28.9285714285714
2026,16,Polonnaruwa,5.8,29.0142857142857
2026,16,Badulla,20.9,24.4857142857143
2026,16,Monaragala,15.9,26.9285714285714
2026,16,Ratnapura,25.4,27.5571428571429
2026,16,Kegalle,34,27.8
2026,17,Colombo,32.9,28.5285714285714
2026,17,Gampaha,70.1,27.7
2026,17,Kalutara,53.7,27.5
2026,17,Kandy,48.1,25.0857142857143
2026,17,Matale,48.9,26.3
2026,17,Nuwara Eliya,31.2,16.8857142857143
2026,17,Galle,79.5,27.1428571428571
2026,17,Matara,64.8,27.1285714285714
2026,17,Hambantota,40,28.0428571428571
2026,17,Jaffna,4.8,30.5
2026,17,Kilinochchi,12.3,29.8571428571429
2026,17,Mannar,8.7,29.6571428571429
2026,17,Vavuniya,18.7,28.4428571428571
2026,17,Mullaitivu,5.1,29.3285714285714
2026,17,Batticaloa,22.6,28.6285714285714
2026,17,Ampara,45,27.8714285714286
2026,17,Trincomalee,10.8,29.2285714285714
2026,17,Kurunegala,41.8,27.1714285714286
2026,17,Puttalam,33.7,28.3428571428571
2026,17,Anuradhapura,21.7,28.4571428571429
2026,17,Polonnaruwa,31.3,28.6428571428571
2026,17,Badulla,50.7,23.8714285714286
2026,17,Monaragala,84.3,26.1571428571429
2026,17,Ratnapura,65.5,27.3571428571429
2026,17,Kegalle,63.1,27.1857142857143
2026,18,Colombo,31,28.5571428571429
2026,18,Gampaha,52.8,27.8857142857143
2026,18,Kalutara,31.8,27.6714285714286
2026,18,Kandy,37.8,25.0142857142857
2026,18,Matale,43.4,26.1142857142857
2026,18,Nuwara Eliya,23.4,17.1285714285714
2026,18,Galle,77.5,27.1857142857143
2026,18,Matara,57.5,27.3428571428571
2026,18,Hambantota,32.1,28.4714285714286
2026,18,Jaffna,3.3,30.7428571428571
2026,18,Kilinochchi,6.8,30.0428571428571
2026,18,Mannar,3.6,30.3285714285714
2026,18,Vavuniya,30.4,28.6714285714286
2026,18,Mullaitivu,12.1,29.7
2026,18,Batticaloa,28.4,29.0571428571429
2026,18,Ampara,33.4,28.3857142857143
2026,18,Trincomalee,27.9,29.4
2026,18,Kurunegala,23.2,27.3285714285714
2026,18,Puttalam,30.2,28.8714285714286
2026,18,Anuradhapura,36.7,28.4
2026,18,Polonnaruwa,70.5,29.1142857142857
2026,18,Badulla,42.6,24.1857142857143
2026,18,Monaragala,30.3,26.7142857142857
2026,18,Ratnapura,58.8,27.1
2026,18,Kegalle,18.2,27.2142857142857
2026,19,Colombo,30.8,28.0857142857143
2026,19,Gampaha,51.2,27.7285714285714
2026,19,Kalutara,43.5,27.1428571428571
2026,19,Kandy,76.3,24.6428571428571
2026,19,Matale,80.4,25.6857142857143
2026,19,Nuwara Eliya,63.4,16.8142857142857
2026,19,Galle,71.1,27.0142857142857
2026,19,Matara,86.2,27.1571428571429
2026,19,Hambantota,45,28.2142857142857
2026,19,Jaffna,40.7,29.1571428571429
2026,19,Kilinochchi,67.7,28.7142857142857
2026,19,Mannar,35.1,29.0142857142857
2026,19,Vavuniya,74.4,27.4857142857143
2026,19,Mullaitivu,71.9,28.6142857142857
2026,19,Batticaloa,74.8,28.2571428571429
2026,19,Ampara,56.5,27.6571428571429
2026,19,Trincomalee,66.5,28.3714285714286
2026,19,Kurunegala,88.9,27.0142857142857
2026,19,Puttalam,70.3,27.9857142857143
2026,19,Anuradhapura,126.8,27.6714285714286
2026,19,Polonnaruwa,96.4,28.1714285714286
2026,19,Badulla,53.8,23.8142857142857
2026,19,Monaragala,99.1,26.0142857142857
2026,19,Ratnapura,48.7,26.9142857142857
2026,19,Kegalle,67.9,26.8571428571429
2026,20,Colombo,127.7,26.9428571428571
2026,20,Gampaha,114.8,26.2428571428571
2026,20,Kalutara,133.1,26.4714285714286
2026,20,Kandy,74.4,23.8714285714286
2026,20,Matale,79.4,24.7571428571429
2026,20,Nuwara Eliya,70.9,16.3857142857143
2026,20,Galle,102.5,26.8285714285714
2026,20,Matara,65.2,26.8285714285714
2026,20,Hambantota,43.1,27.7714285714286
2026,20,Jaffna,88,28.3857142857143
2026,20,Kilinochchi,85.1,27.2571428571429
2026,20,Mannar,46.2,28.6285714285714
2026,20,Vavuniya,80.5,26.3428571428571
2026,20,Mullaitivu,92.6,27.2428571428571
2026,20,Batticaloa,74.3,28.0714285714286
2026,20,Ampara,74.5,27.6714285714286
2026,20,Trincomalee,82.8,27.2714285714286
2026,20,Kurunegala,94.7,25.7
2026,20,Puttalam,90.2,27.1142857142857
2026,20,Anuradhapura,67.3,26.4714285714286
2026,20,Polonnaruwa,57.4,27.4428571428571
2026,20,Badulla,49.7,23.6285714285714
2026,20,Monaragala,44.2,26.1428571428571
2026,20,Ratnapura,86.8,26.1857142857143
2026,20,Kegalle,102.6,25.6285714285714
2026,21,Colombo,132.1,27.6857142857143
2026,21,Gampaha,116.2,26.8
2026,21,Kalutara,115,27.0857142857143
2026,21,Kandy,21.1,25.0285714285714
2026,21,Matale,29.1,25.6714285714286
2026,21,Nuwara Eliya,16.5,17.0857142857143
2026,21,Galle,49.5,27.6714285714286
2026,21,Matara,15.1,27.9142857142857
2026,21,Hambantota,1.8,28.9428571428571
2026,21,Jaffna,0,29.7714285714286
2026,21,Kilinochchi,0.8,29.9285714285714
2026,21,Mannar,0.3,29.7571428571429
2026,21,Vavuniya,1.3,28.8857142857143
2026,21,Mullaitivu,1.4,29.9428571428571
2026,21,Batticaloa,8.3,29.9142857142857
2026,21,Ampara,8.6,29.1857142857143
2026,21,Trincomalee,4.7,29.4857142857143
2026,21,Kurunegala,28.3,26.4571428571429
2026,21,Puttalam,22.6,28.9714285714286
2026,21,Anuradhapura,5.3,28.1714285714286
2026,21,Polonnaruwa,2.6,29.6571428571429
2026,21,Badulla,14.2,25.2714285714286
2026,21,Monaragala,3.3,27.7571428571429
2026,21,Ratnapura,110.7,26.1142857142857
2026,21,Kegalle,57.9,26.1714285714286
2026,22,Colombo,79.1,27.7428571428571
2026,22,Gampaha,60.1,26.9571428571429
2026,22,Kalutara,105.5,27.2285714285714
2026,22,Kandy,17.3,25.0857142857143
2026,22,Matale,24.1,25.7857142857143
2026,22,Nuwara Eliya,24,17.2
2026,22,Galle,82.9,27.3142857142857
2026,22,Matara,26.4,27.5571428571429
2026,22,Hambantota,5.1,28.8428571428571
2026,22,Jaffna,0.3,29.4857142857143
2026,22,Kilinochchi,0.5,29.7714285714286
2026,22,Mannar,0.4,29.3571428571429
2026,22,Vavuniya,7.4,29.0285714285714
2026,22,Mullaitivu,2.4,30.0571428571429
2026,22,Batticaloa,7,30.0428571428571
2026,22,Ampara,9.1,29.2142857142857
2026,22,Trincomalee,3.2,29.8714285714286
2026,22,Kurunegala,25.5,26.6
2026,22,Puttalam,5.6,29.0428571428571
2026,22,Anuradhapura,4.8,28.2714285714286
2026,22,Polonnaruwa,5.8,30.3428571428571
2026,22,Badulla,14.3,25.5571428571429
2026,22,Monaragala,9.5,27.9428571428571
2026,22,Ratnapura,102.8,26.4
2026,22,Kegalle,42.3,26.3428571428571
2026,23,Colombo,59.8,28.1285714285714
2026,23,Gampaha,79.7,27.4285714285714
2026,23,Kalutara,76.4,27.6714285714286
2026,23,Kandy,33.3,24.7857142857143
2026,23,Matale,47.5,25.3571428571429
2026,23,Nuwara Eliya,29.6,16.8428571428571
2026,23,Galle,62.7,27.6142857142857
2026,23,Matara,35.3,27.6857142857143
2026,23,Hambantota,7.7,29.0428571428571
2026,23,Jaffna,1.3,29.6285714285714
2026,23,Kilinochchi,2.3,30.0571428571429
2026,23,Mannar,0.5,29.3285714285714
2026,23,Vavuniya,3.4,29.3857142857143
2026,23,Mullaitivu,2.5,30.4285714285714
2026,23,Batticaloa,7.7,30.4142857142857
2026,23,Ampara,5.9,29.6428571428571
2026,23,Trincomalee,4.2,30.1428571428571
2026,23,Kurunegala,38,26.4714285714286
2026,23,Puttalam,12.1,29.0571428571429
2026,23,Anuradhapura,7.4,28.5
2026,23,Polonnaruwa,9.5,30
2026,23,Badulla,11.2,26.2714285714286
2026,23,Monaragala,10.9,28.3
2026,23,Ratnapura,108.5,26.5571428571429
2026,23,Kegalle,60.5,26.3714285714286
2026,24,Colombo,94.2,27.5428571428571
2026,24,Gampaha,94.7,26.9714285714286
2026,24,Kalutara,77.5,27.2142857142857
2026,24,Kandy,46.1,24.2857142857143
2026,24,Matale,68.7,24.6
2026,24,Nuwara Eliya,34.5,16.4714285714286
2026,24,Galle,41.9,27.5857142857143
2026,24,Matara,34,27.5
2026,24,Hambantota,7.3,29.0142857142857
2026,24,Jaffna,4.4,29.3142857142857
2026,24,Kilinochchi,6.9,29.6714285714286
2026,24,Mannar,4.6,28.9428571428571
2026,24,Vavuniya,25.2,28.5428571428571
2026,24,Mullaitivu,8.6,29.8142857142857
2026,24,Batticaloa,25.9,29.8428571428571
2026,24,Ampara,18.6,29.1571428571429
2026,24,Trincomalee,12.3,29.5285714285714
2026,24,Kurunegala,95.8,25.4428571428571
2026,24,Puttalam,43,28.2285714285714
2026,24,Anuradhapura,21.4,27.7142857142857
2026,24,Polonnaruwa,26,29.0428571428571
2026,24,Badulla,38.3,25.9285714285714
2026,24,Monaragala,17,28.0142857142857
2026,24,Ratnapura,107.6,26
2026,24,Kegalle,93.7,25.4428571428571
2026,25,Colombo,92.9,27.0714285714286
2026,25,Gampaha,71,26.3857142857143
2026,25,Kalutara,74.5,26.8142857142857
2026,25,Kandy,19.1,24.4
2026,25,Matale,27.2,25.2714285714286
2026,25,Nuwara Eliya,21.3,16.7857142857143
2026,25,Galle,47.5,27.2
2026,25,Matara,22.8,27.3285714285714
2026,25,Hambantota,3.8,28.9857142857143
2026,25,Jaffna,10.6,29.2857142857143
2026,25,Kilinochchi,9.4,29.8285714285714
2026,25,Mannar,4.3,29.1285714285714
2026,25,Vavuniya,8.9,28.5714285714286
2026,25,Mullaitivu,7.4,29.8285714285714
2026,25,Batticaloa,9.3,29.5857142857143
2026,25,Ampara,13.5,29.0142857142857
2026,25,Trincomalee,19.6,29.5714285714286
2026,25,Kurunegala,24.1,26.1142857142857
2026,25,Puttalam,15.6,28.4571428571429
2026,25,Anuradhapura,10.8,27.8857142857143
2026,25,Polonnaruwa,11.5,30.0714285714286
2026,25,Badulla,15.2,25.3285714285714
2026,25,Monaragala,9.2,28.2428571428571
2026,25,Ratnapura,94.2,26.0571428571429
2026,25,Kegalle,42.8,26.0285714285714
2026,26,Colombo,111.4,27.1285714285714
2026,26,Gampaha,90.5,26.3285714285714
2026,26,Kalutara,114.8,26.6285714285714
2026,26,Kandy,42.1,24.3
2026,26,Matale,44.2,25.1
2026,26,Nuwara Eliya,35.3,16.6285714285714
2026,26,Galle,54.7,26.9857142857143
2026,26,Matara,26.2,27.2
2026,26,Hambantota,9.2,29
2026,26,Jaffna,1.9,29.7142857142857
2026,26,Kilinochchi,4.1,30.6857142857143
2026,26,Mannar,0.8,29.3285714285714
2026,26,Vavuniya,9.1,29.0857142857143
2026,26,Mullaitivu,12.5,30.3142857142857
2026,26,Batticaloa,30.6,29.6714285714286
2026,26,Ampara,33.1,28.8857142857143
2026,26,Trincomalee,20,29.6285714285714
2026,26,Kurunegala,43,25.8571428571429
2026,26,Puttalam,21.1,28.6714285714286
2026,26,Anuradhapura,14.3,28.2
2026,26,Polonnaruwa,14.3,29.8571428571429
2026,26,Badulla,23.9,24.9428571428571
2026,26,Monaragala,15.4,28.1714285714286
2026,26,Ratnapura,142.1,25.9857142857143
2026,26,Kegalle,81,25.7142857142857
2026,27,Colombo,67.6,27.6428571428571
2026,27,Gampaha,74.1,26.9857142857143
2026,27,Kalutara,55.5,27.5714285714286
2026,27,Kandy,37.1,24.0571428571429
2026,27,Matale,40.3,24.7571428571429
2026,27,Nuwara Eliya,13.5,15.9857142857143
2026,27,Galle,30.7,27.5714285714286
2026,27,Matara,12,27.6571428571429
2026,27,Hambantota,1.8,29.5857142857143
2026,27,Jaffna,4.6,30.0857142857143
2026,27,Kilinochchi,5.6,30.8428571428571
2026,27,Mannar,6.4,29.4428571428571
2026,27,Vavuniya,9,29.7571428571429
2026,27,Mullaitivu,4.7,30.7142857142857
2026,27,Batticaloa,2.9,30.6571428571429
2026,27,Ampara,2,29.9714285714286
2026,27,Trincomalee,3,30.5857142857143
2026,27,Kurunegala,33.1,25.8714285714286
2026,27,Puttalam,5.8,28.9
2026,27,Anuradhapura,8.5,28.7
2026,27,Polonnaruwa,2.2,29.7714285714286
2026,27,Badulla,7.2,25.6857142857143
2026,27,Monaragala,7.7,28.6285714285714
2026,27,Ratnapura,69.5,26.1571428571429
2026,27,Kegalle,51.4,25.8571428571429
2026,28,Colombo,21.2,28.1285714285714
2026,28,Gampaha,23.4,27.5714285714286
2026,28,Kalutara,33.4,27.7857142857143
2026,28,Kandy,9.9,25.0142857142857
2026,28,Matale,15.3,25.7428571428571
2026,28,Nuwara Eliya,5.9,16.6857142857143
2026,28,Galle,18,27.8571428571429
2026,28,Matara,9.4,28.1571428571429
2026,28,Hambantota,2,30.1714285714286
2026,28,Jaffna,0.6,29.7
2026,28,Kilinochchi,4,31.0714285714286
2026,28,Mannar,0,29.0428571428571
2026,28,Vavuniya,4.2,30.1142857142857
2026,28,Mullaitivu,5.4,30.8
2026,28,Batticaloa,9.6,30.2
2026,28,Ampara,5.4,30.3285714285714
2026,28,Trincomalee,4.5,30.9857142857143
2026,28,Kurunegala,13.1,27.0428571428571
2026,28,Puttalam,2.4,29.0714285714286
2026,28,Anuradhapura,6.2,28.8857142857143
2026,28,Polonnaruwa,1.6,30.3714285714286
2026,28,Badulla,11.7,26.0428571428571
2026,28,Monaragala,11.1,29.3428571428571
2026,28,Ratnapura,27.1,27.2
2026,28,Kegalle,14.1,27.1
2026,29,Colombo,23.8,28.0571428571429
2026,29,Gampaha,15.3,27.5
2026,29,Kalutara,19,27.5285714285714
2026,29,Kandy,5.1,24.6857142857143
2026,29,Matale,13.8,25.4
2026,29,Nuwara Eliya,0.4,16.9142857142857
2026,29,Galle,23.3,27.5
2026,29,Matara,12.2,27.9
2026,29,Hambantota,1.3,28.9571428571429
2026,29,Jaffna,1,28.8571428571429
2026,29,Kilinochchi,0.2,30.1285714285714
2026,29,Mannar,0,28.4
2026,29,Vavuniya,0.6,29.5
2026,29,Mullaitivu,2.1,30.1428571428571
2026,29,Batticaloa,6.9,29.7428571428571
2026,29,Ampara,5.5,30.4857142857143
2026,29,Trincomalee,1.5,30.3571428571429
2026,29,Kurunegala,10.2,26.7
2026,29,Puttalam,2.7,28.7285714285714
2026,29,Anuradhapura,0.7,28.5
2026,29,Polonnaruwa,1.2,29.9714285714286
2026,29,Badulla,9.4,25.8
2026,29,Monaragala,2.4,29.2428571428571
2026,29,Ratnapura,27.2,26.7714285714286
2026,29,Kegalle,13.7,26.7428571428571
2026,30,Colombo,20.6,28.4857142857143
2026,30,Gampaha,22.4,27.6428571428571
2026,30,Kalutara,24.7,27.5428571428571
2026,30,Kandy,7.8,25.2
2026,30,Matale,9.5,26.0571428571429
2026,30,Nuwara Eliya,5.6,17.3285714285714
2026,30,Galle,23.6,27.7714285714286
2026,30,Matara,14.5,28.1428571428571
2026,30,Hambantota,3.1,29
2026,30,Jaffna,0.6,29.0571428571429
2026,30,Kilinochchi,0.9,30.6857142857143
2026,30,Mannar,0,28.5714285714286
2026,30,Vavuniya,1.2,30.2142857142857
2026,30,Mullaitivu,9.1,30.1857142857143
2026,30,Batticaloa,4.3,30.0428571428571
2026,30,Ampara,7.2,30.3
2026,30,Trincomalee,6.1,30.6714285714286
2026,30,Kurunegala,7.4,27.4
2026,30,Puttalam,2.3,29.1285714285714
2026,30,Anuradhapura,2.9,29.2571428571429
2026,30,Polonnaruwa,1.3,30.7714285714286
2026,30,Badulla,11.5,26.0428571428571
2026,30,Monaragala,17,29.0142857142857
2026,30,Ratnapura,29.6,27.0857142857143
2026,30,Kegalle,12.4,27.0714285714286
2026,31,Colombo,38.4,28.55
2026,31,Gampaha,42.4,28.1
2026,31,Kalutara,56.8,27.7
2026,31,Kandy,22.1,25.1166666666667
2026,31,Matale,26.5,25.55
2026,31,Nuwara Eliya,17.6,16.5
2026,31,Galle,71.8,27.5
2026,31,Matara,43.5,27.8
2026,31,Hambantota,4.8,29.1666666666667
2026,31,Jaffna,1.6,29.4666666666667
2026,31,Kilinochchi,1.6,30.8666666666667
2026,31,Mannar,0,29.1
2026,31,Vavuniya,2.4,30.2
2026,31,Mullaitivu,1.5,30.9666666666667
2026,31,Batticaloa,3.7,30.6833333333333
2026,31,Ampara,6.9,31.1333333333333
2026,31,Trincomalee,2.1,31.1333333333333
2026,31,Kurunegala,22.1,27.3666666666667
2026,31,Puttalam,3.9,29.3166666666667
2026,31,Anuradhapura,3.7,29.35
2026,31,Polonnaruwa,2.3,30.3166666666667
2026,31,Badulla,10.5,27.1166666666667
2026,31,Monaragala,16.7,28.9
2026,31,Ratnapura,72.7,26.2166666666667
2026,31,Kegalle,29,26.7
